expected_class,drug_category_patterns,notes
5_ASA,,mesalazine/sulfasalazine for IBD
5_alpha_reductase_inhibitors,,finasteride/dutasteride
ACE_inhibitors,,matches both single and combination
ACE_inhibitors_or_ARBs,,either class acceptable
ACEi_plus_ARB_combination,,red flag combination
ARNI,,sacubitril/valsartan classified under ARB
ARBs,,
CCBs,,
CGRP_antagonists,,erenumab/fremanezumab
COMT_inhibitors,,entacapone/tolcapone
DMARDs,,
DPP4_inhibitors,,DPP-4 inhibitor subclass
ESAs,,erythropoiesis-stimulating agents (alias)
GLP1_agonists,,liraglutide/semaglutide/dulaglutide
GnRH_agonists,,leuprolide/goserelin
H2_blockers,,ranitidine/famotidine
H_pylori_eradication,,triple/quadruple therapy
IVIG,,immunoglobulin - no exact category match
IV_antibiotics,,parenteral antibiotics
IV_artesunate,,severe malaria
IV_dextrose,,
IV_methylprednisolone,,IV pulse steroid
IV_steroids,,parenteral corticosteroids
LABA,,long-acting beta agonist
MAO_B_inhibitors,,selegiline/rasagiline
MRAs,,spironolactone/eplerenone
NNRTIs,,non-nucleoside reverse transcriptase inhibitors
NRTIs,,nucleoside reverse transcriptase inhibitors
NSAIDs,,includes selective COX-2
PCSK9_inhibitors,,evolocumab/alirocumab
PDE5_inhibitors,,sildenafil/tadalafil
PPIs,,includes vonoprazan
SABA,,short-acting beta agonist (salbutamol)
SGLT2_inhibitors,,dapagliflozin/empagliflozin
SNRIs,,venlafaxine/duloxetine
SSRIs,,fluoxetine/sertraline/escitalopram
St_Johns_Wort,,herbal antidepressant
acetic_acid_drops,,ear drops
albumin,,plasma expander
allopurinol,,xanthine oxidase inhibitor
alpha_blockers,,tamsulosin/doxazosin
amantadine,,dual classification
aminoglycosides,,gentamicin/amikacin
amiodarone,,antiarrhythmic class III
amphotericin_B,,systemic antifungal
ampicillin,,aminopenicillin
analgesics,,general pain relief
antacids,,aluminum/magnesium hydroxide
antibiotics,,all antibiotic classes
anticholinergics,,oxybutynin/ipratropium
anticoagulant,,matches injectable and oral
anticoagulants,,matches injectable and oral
anticonvulsants,,alias for antiepileptics
antidepressant_monotherapy,,single antidepressant
antidiarrheals,,loperamide
antiemetics,,ondansetron/metoclopramide
antiepileptics,,
antifibrotics,,pirfenidone/nintedanib (closest match)
antifungals,,
antihistamines,,
antihistamine_eye_drops,,topical ocular antihistamines
antihypertensives,,any antihypertensive class
antimalarials,,chloroquine/mefloquine/artemisinin
antiparasitics,,broader antiparasitic class
antiplatelet,,aspirin/clopidogrel/ticagrelor
antipsychotics,,
antipyretics,,paracetamol/ibuprofen
antispasmodics,,hyoscine/mebeverine
antithyroid_drugs,,carbimazole/methimazole (no exact category)
antiviral,,
antivirals,,
artemisinin_combination_therapy,,ACT for malaria
artificial_tears,,
aspirin,,dual classification
aspirin_low_dose,,antiplatelet dose
atenolol,,specific beta-blocker
atypical_antipsychotics,,
azithromycin,,
baclofen,,centrally acting
benzodiazepines,,diazepam/lorazepam/midazolam
benzodiazepine_receptor_agonists,,zolpidem/zopiclone
benzoyl_peroxide,,
beta_agonists,,
beta_blockers,,matches single and combination
biologics,,biologic DMARDs or immunotherapy
bisphosphonates,,alendronate/zoledronic acid
bismuth_subsalicylate,,GI protectant
broad_spectrum_antibiotics,,
bronchodilators,,salbutamol/ipratropium
buspirone,,anxiolytic
caffeine_citrate,,neonatal apnea
calcium_and_vitamin_D,,bone health supplements
calcium_gluconate,,electrolyte/antidote
carbamazepine,,
cephalosporins,,
chemotherapy,,
chloramphenicol,,
chloroquine,,
cilostazol,,phosphodiesterase III inhibitor
cinacalcet,,calcimimetic (no exact category)
codeine,,dual use
colony_stimulating_factors,,G-CSF/GM-CSF (closest match)
corticosteroid_injection,,local injection
corticosteroids,,
cotrimoxazole_prophylaxis,,TMP-SMX
cough_suppressants,,dextromethorphan
cyclosporine,,
danazol,,
decongestants,,pseudoephedrine/oxymetazoline
depot_antipsychotics,,long-acting injectable
dexamethasone,,
disease_modifying_therapies,,MS-specific DMTs
diuretics,,
domperidone_high_dose,,prokinetic
dopamine_agonists,,pramipexole/ropinirole
dual_antiplatelet_beyond_12_months,,extended DAPT (red flag)
dual_antiplatelet_long_term,,prolonged DAPT (red flag)
dual_antiplatelet_without_indication,,unnecessary DAPT (red flag)
echinocandins,,caspofungin/micafungin
electrolyte_replacement,,
emollients,,moisturizers
empiric_antibiotics,,
epinephrine,,adrenaline
erythropoietin,,
estrogen,,
ethambutol,,
expectorants,,
ezetimibe,,
fat_soluble_vitamins,,vitamin D etc. (closest match)
fibrates,,
fingolimod_without_cardiac_monitoring_first_dose,,MS DMT (red flag)
flavonoids,,diosmin/hesperidin
fluoroquinolones,,
folic_acid,,hematologic supplement (no exact match)
gabapentin,,
glucocorticoids,,
glucosamine,,symptomatic slow-acting drug
hepatoprotectives,,silymarin etc. (no exact match)
high_dose_statins_without_monitoring,,red flag
hormonal_therapy,,cancer or HRT
hydroxyurea,,
hydroxychloroquine,,dual classification
hydroxyzine,,
ibuprofen,,
immunomodulators,,
immunosuppressants,,
immunotherapy,,checkpoint inhibitors
inhaled_bronchodilators,,
inhaled_corticosteroids,,ICS subclass
insulin,,
integrase_inhibitors,,dolutegravir/raltegravir
intra_articular_corticosteroid,,joint injection
intra_articular_injection,,
intranasal_corticosteroids,,fluticasone/mometasone nasal
iron_chelation,,deferasirox/deferoxamine
iron_supplementation,,oral/IV iron (no exact category)
isoniazid,,
ketoconazole_or_metyrapone,,Cushing treatment
lactulose,,osmotic laxative
lamotrigine,,
laxatives,,
leukotriene_antagonists,,montelukast
levetiracetam,,
levodopa_carbidopa,,
levonorgestrel_IUD,,intrauterine device
levothyroxine,,thyroid hormone (no exact match)
lithium,,mood stabilizer
lithium_augmentation,,adjunctive lithium
local_anesthetics,,lidocaine/bupivacaine
long_term_PPI_without_review,,red flag
long_term_benzodiazepines,,red flag
long_term_macrolides,,red flag
loop_diuretics,,furosemide/bumetanide
macrolides,,
magnesium_sulfate,,eclampsia/tocolysis
melatonin,,sleep aid
metformin,,biguanide
methotrexate,,
metoclopramide,,
mineralocorticoids,,fludrocortisone
mirtazapine,,
misoprostol,,prostaglandin analogue
montelukast,,alias for leukotriene_antagonists
mood_stabilizers,,lithium/valproate/carbamazepine
morphine,,
mucolytics,,
muscle_relaxants,,
mydriatics,,atropine/tropicamide eye
naltrexone_or_acamprosate,,alcohol dependence
nitrates,,GTN/isosorbide
nitrofurantoin,,UTI antibiotic
non_DHP_CCBs,,verapamil/diltiazem
octreotide,,
omalizumab,,anti-IgE biologic
omega3_fatty_acids,,fish oil
opioids,,
oral_anticoagulants,,oral formulations (warfarin/DOACs)
oral_antibiotics,,
oral_contraceptives,,OCP
oral_iron,,ferrous sulfate etc. (no exact match)
oral_isotretinoin,,
oral_steroids,,prednisolone/prednisone oral
orlistat,,weight management (closest match)
osmotic_agents,,macrogol/lactulose
oxytocin,,
pancreatic_enzyme_replacement,,creon/pancreatin
paracetamol_high_dose,,red flag
parenteral_iron,,IV iron (no exact category)
penicillin_prophylaxis,,
pentoxifylline,,peripheral vasodilator
phenobarbital,,
phenytoin_or_fosphenytoin,,
phosphate_binders,,sevelamer/calcium (no exact match)
platelet_transfusion,,blood product (closest)
potassium_replacement,,electrolyte
pregabalin,,
primaquine,,malaria radical cure
probiotics,,
progesterone,,
progestins,,
prokinetics,,metoclopramide/domperidone
prolonged_NSAIDs,,red flag
prolonged_oral_NSAIDs,,red flag
prolonged_oral_steroids,,red flag
prolonged_steroids,,red flag
prolonged_topical_steroids,,red flag
propranolol,,non-selective BB
protease_inhibitors,,HIV protease inhibitors
proton_pump_inhibitors,,
pyrazinamide,,
pyridoxine,,vitamin B6 (no exact match)
quinine_monotherapy,,red flag
radiation_therapy,,radiotherapy (closest)
radioactive_iodine,,thyroid ablation (no exact match)
rate_control,,AF rate control
rhythm_control,,amiodarone/flecainide
rifampicin,,
rifaximin,,gut-selective antibiotic
rituximab,,biologic
salbutamol,,alias for SABA
second_generation_H1_up_to_4x_dose,,cetirizine/loratadine updosed
sedating_antihistamines_as_first_line,,red flag (chlorpheniramine)
sedatives,,
short_course_antibiotics_for_chronic,,red flag
short_course_steroids,,
single_agent_antibiotics,,monotherapy
somatostatin_analogues,,
statins,,
stool_softeners,,
stress_dose_steroids,,perioperative coverage
sucralfate,,mucosal protectant
sulfasalazine,,
sulfonylureas,,glipizide/glimepiride
surfactant_replacement,,neonatal RDS
surfactant_therapy,,
sympathomimetics,,alias
systemic_beta_blockers,,
systemic_steroids,,
targeted_therapy,,TKIs/monoclonal antibodies
theophylline,,methylxanthine
thiamine,,vitamin B1 (no exact match)
thiazide_diuretics,,HCTZ/chlorthalidone
thiazolidinediones,,pioglitazone
thrombolytics,,alteplase/tenecteplase
thrombopoietin_agonists,,eltrombopag/romiplostim
thyroid_hormones,,levothyroxine (no exact match)
topical_NSAIDs,,diclofenac gel
topical_analgesics,,
topical_anesthetics,,lidocaine topical
topical_antibiotics,,
topical_antifungals,,
topical_antivirals,,acyclovir cream
topical_beta_blockers,,timolol eye drops
topical_calcineurin_inhibitors,,tacrolimus/pimecrolimus
topical_capsaicin,,topical pain relief
topical_carbonic_anhydrase_inhibitors,,dorzolamide
topical_corticosteroid_combinations,,steroid+antibiotic combos
topical_corticosteroids,,
topical_estrogen,,vaginal estrogen
topical_heparinoids,,heparinoid gel
topical_lidocaine,,
topical_prostaglandin_analogues,,latanoprost/travoprost
topical_retinoids,,tretinoin/adapalene
topical_steroids,,
topical_vitamin_D_analogues,,calcipotriol
tranexamic_acid,,antifibrinolytic
trazodone,,
triptans,,sumatriptan
type_1C_antiarrhythmics,,flecainide/propafenone
urate_lowering,,allopurinol/febuxostat
valproate,,
vasopressors,,norepinephrine/dopamine
vitamin_B12,,cobalamin (no exact match)
vitamin_C,,ascorbic acid (no exact match)
vitamin_K,,phytomenadione
warfarin,,alias for oral anticoagulants
disulfiram,,alcohol deterrent
neuropathic_agents,,gabapentin/pregabalin
neuropathic_pain_agents,,alias
gabapentin_or_pregabalin,,either agent
ergot_alkaloids,,ergotamine
dienogest,,endometriosis treatment
oral_acetazolamide,,carbonic anhydrase inhibitor
barbiturates,,
amphetamines,,stimulants (red flag)
colloids,,plasma expanders
IV_fluids,,
IV_crystalloids,,normal saline/Ringer
IV_fluids_and_TPN,,parenteral nutrition
opioid_antidiarrheals,,loperamide (red flag use)
live_vaccines,,red flag with immunosuppression
pneumococcal_vaccine,,
hepatitis_B_vaccine,,
sodium_bicarbonate,,electrolyte correction
aminoglycoside_ear_drops,,topical aminoglycoside
tocolytics,,nifedipine/atosiban for preterm labor
blood_products,,transfusion products
blood_transfusion,,red cell/platelet transfusion
exchange_transfusion,,neonatal
fluoroquinolones_as_first_line,,red flag
fluoroquinolones_as_first_line_uncomplicated,,red flag
fluoroquinolones_in_children,,red flag
fluoroquinolones_in_pregnancy,,red flag
fluoroquinolones_without_culture,,red flag
NSAIDs_if_GI_cause,,red flag with GI bleeding
NSAIDs_if_bleeding_risk,,red flag
NSAIDs_in_dengue_endemic_season,,red flag dengue
NSAIDs_in_dengue_season,,red flag dengue
NSAIDs_prolonged,,red flag prolonged use
NSAIDs_with_anticoagulants,,red flag interaction
NSAIDs_with_steroids,,red flag combination
excessive_opioids,,red flag dosing
excessive_opioids_postpartum,,red flag postpartum
excessive_opioids_prolonged,,red flag prolonged
excessive_opioid_use,,red flag
opioids_as_first_line,,red flag
opioids_before_surgical_assessment,,red flag
opioids_for_dental_pain,,red flag
opioids_long_term,,red flag
opioids_prolonged,,red flag
prolonged_antibiotics,,red flag
prolonged_antibiotics_without_culture,,red flag
prolonged_antibiotics_without_review,,red flag
prolonged_antibiotics_without_sputum_culture,,red flag
prolonged_antibiotics_without_dental_treatment,,red flag
prolonged_oral_antibiotics,,red flag
prolonged_antibiotic_prophylaxis,,red flag
prolonged_antifungals_without_culture,,red flag
prolonged_azoles_without_LFT_monitoring,,red flag
prolonged_high_dose_steroids,,red flag
prolonged_topical_decongestants,,red flag rhinitis medicamentosa
macrolides_as_first_line,,red flag
antibiotics_without_bacterial_indication,,red flag
antibiotics_routinely,,red flag
antibiotics_for_uncomplicated_gastroenteritis,,red flag
antibiotics_before_10_days,,red flag
broad_spectrum_antibiotics_without_culture,,red flag
broad_spectrum_antibiotics_without_indication,,red flag
aminoglycosides_monotherapy,,red flag
aminoglycosides_without_monitoring,,red flag
aminoglycosides_without_level_monitoring,,red flag
excessive_benzodiazepines,,red flag
benzodiazepines_long_term,,red flag
excessive_insulin,,red flag dosing
excessive_sulfonylurea_doses,,red flag dosing
excessive_morphine,,red flag dosing
excessive_levothyroxine,,red flag thyroid
excessive_antithyroid,,red flag
excessive_gabapentinoid_doses,,red flag dosing
sedating_antihistamines_as_first_line,,red flag
high_dose_ICS_without_indication,,red flag
high_dose_diuretics_without_K_monitoring,,red flag
high_dose_paracetamol,,red flag hepatotoxic
aspirin_in_children,,red flag Reye syndrome
aspirin_monotherapy_for_DVT,,red flag inadequate
aspirin_monotherapy_for_PE,,red flag inadequate
aspirin_monotherapy_for_stroke_prevention,,red flag AF
polypharmacy_antipsychotics,,red flag
clozapine_without_CBC_monitoring,,red flag
prolonged_ondansetron_without_ECG,,red flag QTc
testosterone_supplementation,,
prophylactic_systemic_antibiotics,,may be red flag
thromboprophylaxis,,DVT prophylaxis
allopurinol_during_acute_flare,,red flag timing
gemfibrozil_with_statins,,red flag rhabdomyolysis
clopidogrel_with_omeprazole,,red flag interaction
high_dose_statins_without_monitoring,,red flag (already exists but also maps here)
methotrexate_without_folic_acid,,red flag
methotrexate_without_monitoring,,red flag
lithium_without_level_monitoring,,red flag
phenytoin_without_level_monitoring,,red flag
valproate_in_pregnancy,,red flag teratogenic
valproate_in_women_of_childbearing_age,,red flag teratogenic
tricyclics_in_elderly,,red flag anticholinergic
tricyclics_in_overdose_risk,,red flag
immunosuppressants_without_antiviral_cover,,red flag
cyclophosphamide_without_monitoring,,red flag
anticoagulants_pre_surgical_without_review,,red flag
verapamil_with_beta_blockers,,red flag heart block
PDE5_inhibitors_with_nitrates,,red flag severe hypotension
vitamin_A_supplementation,,retinol
vitamin_B_complex,,B vitamins
vitamin_E,,tocopherol
zinc,,mineral supplement (no exact match)
multivitamins,,supplements (no exact match)
calamine_lotion,,topical soothing
fiber_supplementation,,dietary fiber supplement
potent_topical_steroids_on_face,,red flag
potent_topical_steroids_on_thin_skin,,red flag
topical_steroids_on_burns,,red flag
topical_steroids_without_emollients,,red flag
phosphodiesterase_3_inhibitors,Cardiac stimulants excl. cardiac glycosides : Phosphodiesterase 3 inhibitors;Phosphodiesterase 3 inhibitors,Positive inotropic agents like milrinone
calcineurin_inhibitors,Immunosuppressants : Calcineurin inhibitors;Selective immunosuppressants,Tacrolimus and cyclosporine for transplant or autoimmune
anticholinesterases,Nervous system : Parasympathomimetics : Anticholinesterases;Anticholinesterases,Pyridostigmine for myasthenia gravis
alpha_glucosidase_inhibitors,"Drugs used in diabetes : Blood glucose lowering drugs, excl. insulins : Alpha glucosidase inhibitors;Alpha glucosidase inhibitors",Acarbose for post-prandial glucose control
carbonic_anhydrase_inhibitors,Antiglaucoma preparations and miotics : Carbonic anhydrase inhibitors;Ophthalmologicals : Antiglaucoma preparations and miotics,Acetazolamide or brinzolamide for glaucoma
direct_thrombin_inhibitors,Antithrombotic agents : Direct thrombin inhibitors;Direct thrombin inhibitors,NOACs like dabigatran
factor_xa_inhibitors,Antithrombotic agents : Direct factor Xa inhibitors;Direct factor Xa inhibitors,NOACs like rivaroxaban or apixaban
prostaglandin_analogues_ophthalmic,Antiglaucoma preparations and miotics : Prostaglandin analogues;Prostaglandin analogues,Latanoprost or travoprost eye drops
ace_inhibitor_diuretic_combinations,Antihypertensives: ACE inhibitors and diuretics;ACE inhibitors and diuretics,Fixed-dose combination of ACEi and diuretic
arb_diuretic_combinations,Antihypertensives: Angiotensin II antagonists and diuretics;ARBs and diuretics,Fixed-dose combination of ARB and diuretic
beta_blocker_diuretic_combinations,Beta blocking agents and diuretics;Beta blockers and diuretics,Fixed-dose combination of Beta blocker and diuretic
ccb_statin_combinations,"Lipid modifying agents: HMG CoA reductase inhibitors, other combinations;Statins and CCBs",Fixed-dose combination of CCB and HMG CoA reductase inhibitor
ace_inhibitor_ccb_combinations,Antihypertensives: ACE inhibitors and calcium channel blockers;ACEi and CCB,Fixed-dose combination of ACEi and CCB
arb_ccb_combinations,Antihypertensives: Angiotensin II antagonists and calcium channel blockers;ARB and CCB,Fixed-dose combination of ARB and CCB
cardioselective_beta_blockers,"Beta blocking agents, selective;Selective beta blockers",Beta-1 selective blockers
non_selective_beta_blockers_plain,"Beta blocking agents, non-selective;Non-selective beta blockers",Beta blockers acting on Beta-1 and Beta-2
dihydropyridine_ccbs_plain,Calcium channel blockers: Selective calcium channel blockers with mainly vascular effects;Dihydropyridine derivatives,Dihydropyridine-type calcium channel blockers
calcium_channel_blockers_diltiazem_verapamil,Calcium channel blockers: Selective calcium channel blockers with direct cardiac effects;Non-dihydropyridine CCB,Non-dihydropyridine calcium channel blockers
loop_diuretics_parenteral,Diuretics: High-threshold diuretics;Injectable loop diuretics,Intravenous loop diuretics for acute management
thiazide_like_diuretics_plain,"Diuretics: Low-threshold diuretics, excluding thiazides;Thiazide-like",Diuretics like chlortalidone or indapamide
potassium_sparing_diuretics_non_mra,Diuretics: Potassium-sparing agents;Amiloride,Potassium-sparing diuretics excluding mineralocorticoid receptor antagonists
p2y12_inhibitors_thienopyridine,Antithrombotic agents: Platelet aggregation inhibitors excluding heparin;Clopidogrel;Prasugrel,Thienopyridine class P2Y12 inhibitors
p2y12_inhibitors_non_thienopyridine,Antithrombotic agents: Platelet aggregation inhibitors excluding heparin;Ticagrelor,Non-thienopyridine class P2Y12 inhibitors
high_intensity_statin_therapy,"Lipid modifying agents: HMG CoA reductase inhibitors;Statins, high-intensity",High-potency statin regimens
moderate_intensity_statin_therapy,"Lipid modifying agents: HMG CoA reductase inhibitors;Statins, moderate-intensity",Moderate-potency statin regimens
low_intensity_statin_therapy,"Lipid modifying agents: HMG CoA reductase inhibitors;Statins, low-intensity",Low-potency statin regimens
statin_cholesterol_absorption_inhibitor_combinations,Lipid modifying agents: Statins in combination with ezetimibe;Simvastatin and ezetimibe,Combinations like Simvastatin/Ezetimibe
statin_fibrate_combination_therapy,Lipid modifying agents: Statins in combination with fibrates;Statins and fibrates,Fixed or concurrent use of statins and fibrates
dual_antiplatelet_therapy_dapt,Antithrombotic agents: Dual antiplatelet therapy;Aspirin and clopidogrel,Concurrent use of two antiplatelets
triple_antiplatelet_therapy,"Antithrombotic agents: Triple antiplatelet therapy;Aspirin, Clopidogrel, Cilostazol",Concurrent use of three antiplatelets
glycoprotein_iib_iiia_receptor_antagonists,Antithrombotic agents: Glycoprotein IIb/IIIa inhibitors;Tirofiban,Intravenous antiplatelets for ACS
beta_blockers_with_intrinsic_sympathomimetic_activity,"Beta blocking agents, selective;Beta blockers with ISA",Beta blockers that partially stimulate receptors
combined_alpha_and_beta_blocking_agents,Beta blocking agents: Alpha and beta blocking agents;Carvedilol,Agents with both alpha-1 and beta blocking activity
third_generation_beta_blockers,Beta blocking agents: Vasodilating beta blockers;Nebivolol,Beta blockers with vasodilatory properties
carbonic_anhydrase_inhibitors_diuretic_use,Diuretics: Carbonic anhydrase inhibitors;Acetazolamide,Acetazolamide for systemic diuretic effect
osmotic_diuretic_therapy,Diuretics: Osmotic diuretics;Mannitol,Osmotic agents used as diuretics
direct_renin_inhibitors,Antihypertensives: Renin inhibitors;Aliskiren,Agents that directly inhibit renin
antiplatelet_plus_ppi_fixed_dose,Antithrombotic agents: Platelet aggregation inhibitors and PPI;Aspirin and Esomeprazole,Fixed dose combinations of antiplatelets and PPIs
penicillins_extended_spectrum,"Antibacterials: Penicillins with extended spectrum;Penicillins, extended spectrum;Amoxicillin;Ampicillin",Extended spectrum penicillins like Amoxicillin and Ampicillin
penicillins_natural,Antibacterials: Beta-lactamase sensitive penicillins;Natural penicillins;Penicillin V;Penicillin G,Natural penicillins sensitive to beta-lactamase
penicillins_isoxazolyl,Antibacterials: Beta-lactamase resistant penicillins;Cloxacillin;Dicloxacillin;Nafcillin,Penicillinase-resistant penicillins used for staphylococcal infections
penicillins_ureido,Antipseudomonal penicillins;Piperacillin;Ticarcillin,Extended spectrum penicillins with antipseudomonal activity
cephalosporins_first_gen,Antibacterials: First-generation cephalosporins;Cephalexin;Cefazolin;Cephradine,First generation cephalosporins
cephalosporins_second_gen,Antibacterials: Second-generation cephalosporins;Cefuroxime;Cefaclor;Cefoxitin,Second generation cephalosporins
cephalosporins_third_gen,Antibacterials: Third-generation cephalosporins;Ceftriaxone;Cefotaxime;Ceftazidime;Cefixime,Third generation cephalosporins
cephalosporins_fourth_gen,Antibacterials: Fourth-generation cephalosporins;Cefepime,Fourth generation cephalosporins
cephalosporins_fifth_gen,Antibacterials: Other cephalosporins and penems;Ceftaroline;Ceftobiprole,Advanced generation cephalosporins with MRSA activity
macrolides_erythromycin_group,Antibacterials: Erythromycin;Macrolides: Erythromycin;Erythromycin base,Traditional erythromycin-based macrolides
macrolides_advanced_generation,Antibacterials: Azithromycin;Antibacterials: Clarithromycin;Antibacterials: Roxithromycin,Later generation macrolides with improved pharmacokinetics
fluoroquinolones_norfloxacin_type,Antibacterials: Norfloxacin;Urinary fluoroquinolones,Fluoroquinolones primarily used for urinary tract infections
fluoroquinolones_ciprofloxacin_type,Antibacterials: Ciprofloxacin;Antibacterials: Ofloxacin;Fluoroquinolones: Ciprofloxacin,General systemic fluoroquinolones
fluoroquinolones_respiratory_type,Antibacterials: Levofloxacin;Antibacterials: Moxifloxacin;Respiratory fluoroquinolones,Fluoroquinolones with enhanced activity against respiratory pathogens
antifungals_triazole_systemic,"Antifungals for systemic use, triazole derivatives;Fluconazole;Itraconazole;Voriconazole",Triazole antifungals for systemic fungal infections
antifungals_imidazole_systemic,"Antifungals for systemic use, imidazole derivatives;Ketoconazole systemic",Imidazole antifungals used systemically
antifungals_polyene_systemic,"Antifungals for systemic use, polyenes;Amphotericin B;Nystatin systemic",Polyene antifungals for serious systemic infections
antifungals_allylamine_systemic,"Antifungals for systemic use, other;Terbinafine systemic",Systemic allylamine antifungals primarily for dermatophytosis
antifungals_fluorinated_pyrimidine,"Antifungals for systemic use, pyrimidine analogues;Flucytosine",Pyrimidine analogue antifungal
antivirals_neuraminidase_inhibitors_flu,Antivirals for treatment of influenza infections;Oseltamivir;Zanamivir,Antivirals used for influenza A and B
antivirals_antiherpetic_nucleosides,Antivirals for treatment of herpes infections;Acyclovir;Valacyclovir;Famciclovir,Nucleoside analogues for HSV and VZV
antivirals_anti_cmv_agents,Antivirals for treatment of cytomegalovirus infections;Ganciclovir;Valganciclovir,Specific agents for CMV infection
antivirals_hbv_nucleoside_analogues,Nucleoside reverse transcriptase inhibitors: HBV;Entecavir;Lamivudine HBV,Nucleoside analogues for Hepatitis B
antivirals_hbv_nucleotide_analogues,Nucleotide reverse transcriptase inhibitors: HBV;Tenofovir DF;Tenofovir AF,Nucleotide analogues for Hepatitis B
antivirals_hcv_protease_inhibitor_class,Direct-acting antivirals: NS3 protease inhibitors;Simeprevir;Paritaprevir,HCV NS3/4A protease inhibitors
antivirals_hcv_ns5b_polymerase_inhibitors,Direct-acting antivirals: NS5B RNA polymerase inhibitors;Sofosbuvir,HCV NS5B polymerase inhibitors
antivirals_hcv_ns5a_inhibitor_class,Direct-acting antivirals: NS5A inhibitors;Daclatasvir;Ledipasvir;Velpatasvir,HCV NS5A inhibitors
antivirals_hcv_combination_regimens,"Direct-acting antivirals, combinations;Sofosbuvir and Ledipasvir;Sofosbuvir and Velpatasvir",Fixed dose combinations for Hepatitis C
antivirals_rsv_nucleoside_analogues,Antivirals for treatment of RSV infections;Ribavirin systemic,Systemic ribavirin for RSV or other viral infections
antivirals_sars_cov_2_therapies,Antivirals for treatment of COVID-19;Favipiravir;Molnupiravir;Nirmatrelvir,Antivirals specifically used for SARS-CoV-2
antidepressants_ssri_class,"Selective serotonin reuptake inhibitors;Antidepressant, SSRI",Systemic SSRI antidepressants for depression and anxiety
antidepressants_snri_class,"Serotonin norepinephrine reuptake inhibitors;Antidepressant, SNRI",Systemic SNRI antidepressants for depression and chronic pain
tricyclic_antidepressants_tertiary_amines,"Tricyclic antidepressant, tertiary amine;Amitriptyline;Clomipramine;Imipramine",Tertiary amine TCAs often used for depression or neuropathic pain
tricyclic_antidepressants_secondary_amines,"Tricyclic antidepressant, secondary amine;Nortriptyline",Secondary amine TCAs with typically less sedative effect
monoamine_oxidase_a_inhibitors,MAO-A inhibitors;Moclobemide,Reversible inhibitors of monoamine oxidase type A
antipsychotics_phenothiazines,Phenothiazine antipsychotics;Chlorpromazine;Perphenazine;Fluphenazine,First-generation antipsychotics of the phenothiazine class
antipsychotics_butyrophenones,Butyrophenone antipsychotics;Haloperidol,First-generation antipsychotics of the butyrophenone class
antipsychotics_thioxanthenes,Thioxanthene antipsychotics;Zuclopenthixol;Flupentixol,First-generation antipsychotics of the thioxanthene class
antipsychotics_dibenzodiazepines,Dibenzodiazepine antipsychotics;Clozapine,Atypical antipsychotics specifically of the dibenzodiazepine group
antipsychotics_benzisoxazoles,Benzisoxazole derivatives;Risperidone,Atypical antipsychotics of the benzisoxazole class
antipsychotics_dihydroindolones,Indolones;Ziprasidone,Atypical antipsychotics of the dihydroindolone class
antipsychotics_quinolinones,Quinolinone derivatives;Aripiprazole,Atypical antipsychotics of the quinolinone class
antipsychotics_thienobenzodiazepines,Thienobenzodiazepines;Olanzapine,Atypical antipsychotics of the thienobenzodiazepine class
benzodiazepines_short_half_life,Short-acting benzodiazepines;Midazolam;Triazolam,Benzodiazepines with short elimination half-lives used as hypnotics
benzodiazepines_long_half_life,Long-acting benzodiazepines;Diazepam;Chlordiazepoxide,Benzodiazepines with long elimination half-lives or active metabolites
non_benzodiazepine_hypnotics,Non-benzodiazepine hypnotics;Z-drugs;Zolpidem;Zopiclone,GABA-A receptor agonists that are not benzodiazepines
anticonvulsants_hydantoins,Hydantoin anticonvulsants;Phenytoin,Antiepileptic drugs of the hydantoin class
anticonvulsants_succinimides,Succinimide anticonvulsants;Ethosuximide,Antiepileptic drugs used primarily for absence seizures
anticonvulsants_carboxamides,Carboxamide anticonvulsants;Carbamazepine;Oxcarbazepine,Antiepileptic drugs of the carboxamide class
anticonvulsants_fatty_acids,Fatty acid anticonvulsants;Valproic acid;Sodium valproate,Antiepileptic drugs of the fatty acid derivative class
anticonvulsants_triazines,Triazine derivatives;Lamotrigine,Antiepileptic drugs of the triazine class
anticonvulsants_gaba_analogs_class,GABA analogs;Gabapentin;Pregabalin,Gabapentinoid anticonvulsants used for epilepsy and neuralgia
opioids_natural_alkaloids,Natural opium alkaloids;Morphine;Codeine,Opioid analgesics derived from natural opium
opioids_phenylpiperidines,Phenylpiperidine derivatives;Fentanyl;Pethidine,Synthetic opioid analgesics of the phenylpiperidine class
opioids_diphenylpropylamines,Diphenylpropylamine derivatives;Methadone,Synthetic opioid analgesics of the diphenylpropylamine class
opioids_benzomorphans,Benzomorphan derivatives;Pentazocine,Mixed agonist-antagonist opioid analgesics
opioids_oripavines,Oripavine derivatives;Buprenorphine,Partial agonist opioid analgesics derived from oripavine
opioid_receptor_antagonists,Opioid antagonists;Naloxone;Naltrexone,Agents used to reverse or block opioid effects
sari_antidepressant_class,Serotonin antagonist and reuptake inhibitors;Trazodone,Antidepressants with serotonin receptor blocking and reuptake inhibition
nassa_antidepressant_class,Noradrenergic and specific serotonergic antidepressants;Mirtazapine,Antidepressants acting on alpha-2 receptors and serotonin receptors
rapid_acting_insulins,Insulin Analog-Rapid Acting;Insulin Aspart;Insulin Lispro;Insulin Glulisine,Rapid-acting insulin analogues for prandial control
short_acting_insulins,Regular Insulin;Short-acting Insulin;Neutral Insulin,Soluble human insulin preparations
intermediate_acting_insulins,NPH Insulin;Isophane Insulin;Intermediate-acting Insulin,Neutral Protamine Hagedorn insulin preparations
long_acting_insulins,Insulin Glargine;Insulin Detemir;Long-acting Insulin,Basal insulin analogues with 24-hour coverage
ultra_long_acting_insulins,Insulin Degludec;Ultra-long acting insulin,Basal insulin with duration exceeding 24 hours
premixed_insulins,Biphasic Insulin;Premixed Insulin Analog;Insulin 70/30;Insulin 75/25;Insulin 50/50,Fixed combinations of short/rapid and intermediate/long acting insulins
first_generation_sulfonylureas,Sulfonylurea-First Generation;Chlorpropamide;Tolbutamide;Acetohexamide,Older sulfonylurea agents with higher risk of prolonged hypoglycemia
second_generation_sulfonylureas,Sulfonylurea-Second Generation;Glibenclamide;Glipizide;Gliclazide,Standard potency sulfonylureas commonly used in clinical practice
third_generation_sulfonylureas,Sulfonylurea-Third Generation;Glimepiride,Newer sulfonylureas with once-daily dosing profiles
dpp4_inhibitor_metformin_combinations,DPP4 Inhibitor and Biguanide;Sitagliptin and Metformin;Vildagliptin and Metformin;Linagliptin and Metformin,Fixed dose combinations of a gliptin and metformin
sglt2_inhibitor_metformin_combinations,SGLT2 Inhibitor and Biguanide;Dapagliflozin and Metformin;Empagliflozin and Metformin;Canagliflozin and Metformin,Fixed dose combinations of a flozin and metformin
meglitinide_class_antidiabetics,Meglitinide;Glinide;Repaglinide;Nateglinide,Non-sulfonylurea insulin secretagogues for prandial use
glp1_insulin_fixed_combinations,GLP-1 Agonist and Insulin Combination;Liraglutide and Insulin Degludec;Lixisenatide and Insulin Glargine,Injectable combinations targeting both fasting and postprandial glucose
dual_glp1_gip_receptor_agonists,GLP-1 and GIP Receptor Agonist;Tirzepatide,Twincretin agents acting on both incretin receptors
thionamide_antithyroid_agents,Thionamide;Methimazole;Propylthiouracil;Carbimazole,Primary class of medications used to inhibit thyroid hormone synthesis
liothyronine_monotherapy,Synthetic T3;Liothyronine Sodium;Cytomel,Triiodothyronine replacement therapy
biguanide_sulfonylurea_combinations,Metformin and Sulfonylurea Combination;Metformin and Glibenclamide;Metformin and Glipizide;Metformin and Gliclazide,Standard oral combination therapy for Type 2 Diabetes
biguanide_thiazolidinedione_combinations,Metformin and Thiazolidinedione Combination;Metformin and Pioglitazone;Metformin and Rosiglitazone,Combinations focusing on insulin sensitization
dpp4_inhibitor_sglt2_inhibitor_combinations,DPP4 Inhibitor and SGLT2 Inhibitor;Sitagliptin and Ertugliflozin;Linagliptin and Empagliflozin;Saxagliptin and Dapagliflozin,Fixed combinations of two different incretin/renal pathway agents
dpp4_inhibitor_pioglitazone_combinations,DPP4 Inhibitor and Thiazolidinedione;Alogliptin and Pioglitazone,Fixed combinations of a gliptin and a glitazone
amylin_analogues,Amylinomimetic;Pramlintide,Injectable agent used as adjunct to insulin therapy
desiccated_thyroid_extract,Thyroid Extract;Armor Thyroid;Desiccated Thyroid;Thyroid Porcine,Natural thyroid hormone preparations derived from animal sources
thyroid_hormone_liotrix,Liotrix;T3 and T4 Synthetic Combination;Thyrolar,Synthetic combination of T4 and T3 in a fixed 4:1 ratio
iodine_containing_antithyroid_preparations,Iodine Solution;Lugol's Solution;Potassium Iodide;Iodide,Used for acute management of hyperthyroidism or pre-operative preparation
dopamine_agonist_metabolic_use,Dopamine Agonist for Type 2 Diabetes;Bromocriptine Mesylate;Cycloset,Specific formulation of bromocriptine used for glycemic control
bile_acid_sequestrant_metabolic_use,Bile Acid Sequestrant for Diabetes;Colesevelam,Lipid-lowering agent indicated for glycemic control in DM2
thiazolidinedione_sulfonylurea_combinations,Thiazolidinedione and Sulfonylurea Combination;Pioglitazone and Glimepiride,Dual secretagogue and sensitizer fixed combinations
glp1_metformin_combinations,GLP-1 Agonist and Biguanide;Exenatide and Metformin,Fixed combinations of GLP-1 analogues and metformin
aldose_reductase_inhibitors,Aldose Reductase Inhibitor;Epalrestat,Metabolic agents used to treat diabetic polyneuropathy
sglt2_inhibitor_dpp4_metformin_triple_therapy,SGLT2-DPP4-Metformin Triple Therapy;Empagliflozin/Linagliptin/Metformin;Trijardy,Three-agent fixed dose combinations for metabolic management
ppi_p_cab_class,Potassium-competitive acid blocker;PCAB;Vonoprazan,Novel acid-suppressive agents like vonoprazan
h2_receptor_antagonists_plain,H2-Receptor Antagonist;Ranitidine;Famotidine;Cimetidine,Histamine H2-receptor blockers for acid reduction
antiemetic_serotonin_5ht3_antagonists,5-HT3 Antagonist;Ondansetron;Granisetron;Palonosetron,Serotonin blockers for chemotherapy-induced or post-op nausea
antiemetic_neurokinin_1_antagonists,NK1 Receptor Antagonist;Aprepitant;Fosaprepitant;Rolapitant,Substance P/neurokinin 1 receptor antagonists for nausea
antiemetic_phenothiazines,Phenothiazine Antiemetic;Prochlorperazine;Promethazine,Dopamine antagonists used for severe nausea/vomiting
bulk_forming_laxatives,Bulk-forming Laxative;Psyllium;Ispaghula;Methylcellulose,Fiber-based laxatives
stimulant_laxative_agents,Stimulant Laxative;Bisacodyl;Senna;Sennosides,Agents that increase intestinal motility via nerve stimulation
osmotic_laxative_saline,Saline Laxative;Magnesium Hydroxide;Milk of Magnesia;Magnesium Citrate,Saline-based hyperosmotic agents
guanylate_cyclase_c_agonists,Guanylate Cyclase-C Agonist;Linaclotide;Plecanatide,Secretagogues for chronic idiopathic constipation or IBS-C
peripheral_mu_opioid_receptor_antagonists,PAMORA;Methylnaltrexone;Naloxegol;Naldemedine,Opioid-induced constipation treatments that do not cross BBB
selective_5ht4_receptor_agonists,5-HT4 Receptor Agonist;Prucalopride;Tegaserod,Serotonergic prokinetics for chronic constipation
antidiarrheal_enkephalinase_inhibitors,Enkephalinase Inhibitor;Racecadotril,Antisecretory antidiarrheal agent
ics_laba_fixed_dose_combinations,ICS-LABA Combination;Fluticasone/Salmeterol;Budesonide/Formoterol,Fixed dose inhalers for asthma and COPD maintenance
lama_laba_fixed_dose_combinations,LAMA-LABA Combination;Indacaterol/Glycopyrronium;Tiotropium/Olodaterol,Dual bronchodilator combinations for COPD
ics_lama_laba_triple_fixed_combinations,ICS-LAMA-LABA Triple Therapy;Fluticasone/Umeclidinium/Vilanterol;Trelegy,Three-in-one inhalers for advanced airway disease
short_acting_muscarinic_antagonists,SAMA;Ipratropium Bromide,Short-acting anticholinergic bronchodilators
long_acting_muscarinic_antagonists,LAMA;Tiotropium;Umeclidinium;Aclidinium,Maintenance anticholinergic bronchodilators
second_generation_h1_antagonists_non_sedating,Second Generation Antihistamine;Loratadine;Cetirizine,Peripherally selective H1 blockers with minimal sedation
third_generation_h1_antagonists,Third Generation Antihistamine;Fexofenadine;Desloratadine;Levocetirizine,Active metabolites or isomers of 2nd gen antihistamines
alkylamine_antihistamines,Alkylamine;Chlorpheniramine;Brompheniramine,Common first-generation sedating antihistamines
ethanolamine_antihistamines,Ethanolamine;Diphenhydramine;Dimenhydrinate,First-generation antihistamines often used for sleep or motion sickness
piperazine_antihistamines,Piperazine Antihistamine;Hydroxyzine;Meclizine,Antihistamines used for pruritus or vertigo
mucolytic_cysteine_derivatives,Cysteine-derived Mucolytic;Acetylcysteine;Carbocisteine,Agents that break disulfide bonds in mucus
expectorant_glyceryl_ethers,Glyceryl Ether Expectorant;Guaifenesin,Agents that increase volume and reduce viscosity of secretions
saba_sama_combination_inhalers,SABA-SAMA Combination;Salbutamol/Ipratropium;Combivent,Combined short-acting bronchodilators for acute relief
inhaled_mast_cell_stabilizers,Mast Cell Stabilizer-Inhalation;Sodium Cromoglicate;Nedocromil,Prevents release of inflammatory mediators in the lung
leukotriene_modifiers_ltra,LTRA;Montelukast;Zafirlukast,Oral asthma/rhinitis therapy targeting leukotriene receptors
anti_il5_monoclonal_antibodies,Anti-IL5 Biologic;Mepolizumab;Benralizumab,Biologic therapy for eosinophilic asthma
phosphodiesterase_4_inhibitors_respiratory,PDE4 Inhibitor-Respiratory;Roflumilast,Oral anti-inflammatory for severe COPD
gi_barrier_agents_sucralfate,Mucosal Protective Agent;Sucralfate,Local protective barrier for gastric ulcers
ace_inhibitors_sulfhydryl_containing,ACE Inhibitor;Captopril,ACE inhibitors containing a sulfhydryl group
ace_inhibitors_dicarboxylate_containing,ACE Inhibitor;Enalapril;Lisinopril;Ramipril;Perindopril,ACE inhibitors containing a dicarboxylate group
ace_inhibitors_phosphonate_containing,ACE Inhibitor;Fosinopril,ACE inhibitors containing a phosphonate group
arb_tetrazole_group,Angiotensin II Receptor Blocker;Losartan;Valsartan;Irbesartan;Candesartan;Olmesartan,ARBs with a tetrazole ring structure
arb_non_tetrazole_group,Angiotensin II Receptor Blocker;Telmisartan;Eprosartan;Azilsartan,ARBs without a tetrazole ring structure
beta_blockers_non_selective_no_isa,"Beta-Blocker, Non-Selective;Propranolol;Nadolol;Timolol",Non-selective beta blockers without intrinsic sympathomimetic activity
beta_blockers_selective_no_isa,"Beta-Blocker, Beta-1 Selective;Atenolol;Metoprolol;Bisoprolol",Beta-1 selective blockers without intrinsic sympathomimetic activity
beta_blockers_with_alpha_blocking_activity,Beta-Blocker;Alpha-Blocking;Carvedilol;Labetalol,Beta blockers that also exhibit alpha-1 receptor antagonism
ccb_dihydropyridine_first_generation_nifedipine,"Calcium Channel Blocker, Dihydropyridine;Nifedipine IR",Short-acting first generation dihydropyridine CCBs
ccb_dihydropyridine_second_generation_felodipine,"Calcium Channel Blocker, Dihydropyridine;Felodipine;Isradipine;Nicardipine",Second generation dihydropyridine CCBs with improved selectivity
ccb_dihydropyridine_third_generation_amlodipine,"Calcium Channel Blocker, Dihydropyridine;Amlodipine;Lercanidipine",Third generation long-acting dihydropyridine CCBs
ccb_phenylalkylamine_structural_class,"Calcium Channel Blocker, Non-Dihydropyridine;Verapamil",CCBs belonging to the phenylalkylamine chemical class
ccb_benzothiazepine_structural_class,"Calcium Channel Blocker, Non-Dihydropyridine;Diltiazem",CCBs belonging to the benzothiazepine chemical class
loop_diuretics_sulfonamide_type,Loop Diuretic;Furosemide;Bumetanide;Torsemide,Loop diuretics with a sulfonamide structure
loop_diuretics_phenoxyacetic_acid_type,Loop Diuretic;Ethacrynic Acid,Loop diuretics derived from phenoxyacetic acid
diuretics_potassium_sparing_triamterene_type,Potassium-Sparing Diuretic;Triamterene,Pteridine derivative potassium-sparing diuretics
diuretics_potassium_sparing_amiloride_type,Potassium-Sparing Diuretic;Amiloride,Pyrazine derivative potassium-sparing diuretics
diuretics_potassium_sparing_spironolactone_type,Potassium-Sparing Diuretic;Aldosterone Antagonist;Spironolactone;Canrenone,Steroidal aldosterone receptor antagonists
thiazide_diuretics_short_acting_duration,Thiazide Diuretic;Chlorothiazide;Hydrochlorothiazide,Thiazide diuretics with relatively short duration of action
thiazide_diuretics_long_acting_duration,Thiazide Diuretic;Methyclothiazide;Polythiazide,Thiazide diuretics with prolonged duration of action
statins_fungal_metabolite_derivatives,HMG-CoA Reductase Inhibitor;Simvastatin;Lovastatin;Pravastatin,Statins derived from or related to fungal metabolites
statins_synthetic_enantiomer_derivatives,HMG-CoA Reductase Inhibitor;Atorvastatin;Rosuvastatin;Fluvastatin;Pitavastatin,Fully synthetic HMG-CoA reductase inhibitors
statins_lipophilic_partition_category,Statin;Lipophilic;Atorvastatin;Simvastatin;Lovastatin;Fluvastatin,Statins categorized by high lipophilicity
statins_hydrophilic_partition_category,Statin;Hydrophilic;Rosuvastatin;Pravastatin,Statins categorized by high hydrophilicity
antiplatelets_irreversible_cox_inhibitors,Antiplatelet;Cyclooxygenase-1 Inhibitor;Aspirin,Antiplatelets that irreversibly inhibit COX-1
antiplatelets_irreversible_adp_inhibitors,Antiplatelet;P2Y12 Inhibitor;Thienopyridine;Clopidogrel;Prasugrel,Antiplatelets that irreversibly inhibit the ADP receptor
antiplatelets_reversible_adp_inhibitors,Antiplatelet;P2Y12 Inhibitor;Non-Thienopyridine;Ticagrelor;Cangrelor,Antiplatelets that reversibly inhibit the ADP receptor
antiplatelets_phosphodiesterase_inhibitor_class,Antiplatelet;PDE Inhibitor;Cilostazol;Dipyridamole,Antiplatelets acting via phosphodiesterase inhibition
antiplatelets_ii_b_iii_a_complex_blockers,Antiplatelet;Glycoprotein IIb/IIIa Inhibitor;Abciximab;Tirofiban,Intravenous inhibitors of the GP IIb/IIIa receptor complex
antiplatelets_par_1_selective_antagonists,Antiplatelet;Protease-Activated Receptor-1 Antagonist;Vorapaxar,Antiplatelets that inhibit thrombin-induced platelet aggregation
penicillins_aminopenicillins_subclass,Aminopenicillin;Amoxicillin;Ampicillin,Broad-spectrum penicillins for common enteric and respiratory bacterial infections
penicillins_carboxypenicillins_subclass,Carboxypenicillin;Ticarcillin,Antipseudomonal penicillins targeting gram-negative organisms
penicillins_bl_inhibitor_combos,Penicillin/Beta-lactamase Inhibitor;Amoxicillin/Clavulanate;Ampicillin/Sulbactam,Penicillins combined with inhibitors to resist beta-lactamase degradation
penicillins_repository_injectables,Penicillin G Benzathine;Penicillin G Procaine;Long-acting Penicillin,Injectable penicillin formulations designed for slow release and prolonged action
cephalosporins_bl_inhibitor_combos,Cephalosporin/Beta-lactamase Inhibitor;Ceftolozane/Tazobactam;Ceftazidime/Avibactam,Advanced cephalosporin combinations for multi-drug resistant infections
cephalosporins_siderophore_class,Siderophore Cephalosporin;Cefiderocol,Novel cephalosporins utilizing bacterial iron transport systems for entry
macrolides_ketolides,Ketolide;Telithromycin,Semisynthetic macrolide derivatives for resistant respiratory pathogens
macrolides_fidaxomicin_class,Macrocyclic Antibiotic;Fidaxomicin,Narrow-spectrum macrocyclic macrolide specifically for Clostridioides difficile
fluoroquinolones_first_gen,Quinolone;Nalidixic Acid;Oxolinic Acid,Early non-fluorinated quinolones primarily used for uncomplicated urinary tract infections
fluoroquinolones_delafloxacin_class,Fluoroquinolone;Delafloxacin,Anionic fluoroquinolone with activity against MRSA and in acidic environments
antifungals_systemic_echinocandin_agents,Echinocandin;Caspofungin;Micafungin;Anidulafungin,Systemic glucan synthesis inhibitors for invasive candidiasis and aspergillosis
antifungals_second_generation_triazoles,Second Generation Triazole;Voriconazole;Posaconazole;Isavuconazole,Extended-spectrum azoles for treatment of invasive mold infections
antifungals_flucytosine_class,Pyrimidine Analog;Flucytosine,Systemic antimetabolite antifungal often used in combination for cryptococcosis
antifungals_griseofulvin_class,Griseofulvin,"Oral mitotic inhibitor for fungal infections of the skin, hair, and nails"
antifungals_topical_imidazoles_only,Topical Imidazole;Clotrimazole;Miconazole;Sertaconazole;Econazole,Topical azole antifungals for localized dermatologic fungal infections
antifungals_topical_polyenes_only,Topical Polyene;Nystatin,Topical polyene antibiotics for cutaneous or oral candidiasis
antifungals_topical_allylamines_only,Topical Allylamine;Terbinafine;Naftifine,Topical squalene epoxidase inhibitors for tinea and other fungal skin infections
antivirals_entry_fusion_inhibitors,HIV Fusion Inhibitor;Enfuvirtide,Antiretrovirals that block the fusion of the viral envelope with the cell membrane
antivirals_ccr5_antagonists,CCR5 Antagonist;Maraviroc,HIV entry inhibitors that target the CCR5 coreceptor on host cells
antivirals_post_attachment_inhibitors,Post-attachment Inhibitor;Ibalizumab,CD4-directed monoclonal antibodies that prevent HIV viral entry
antivirals_hcv_ns3_4a_protease_inhibitors_specific,NS3/4A Protease Inhibitor;Simeprevir;Paritaprevir;Grazoprevir;Voxilaprevir,Direct-acting antivirals targeting the NS3/4A serine protease of Hepatitis C
antivirals_influenza_endonuclease_inhibitors,Endonuclease Inhibitor;Baloxavir Marboxil,Antiviral that inhibits cap-dependent endonuclease in influenza viruses
antivirals_adamantane_class,M2 Channel Blocker;Amantadine;Rimantadine,Symmetry-directed inhibitors of the M2 ion channel in Influenza A viruses
antivirals_pegylated_interferons,Peginterferon Alfa-2a;Peginterferon Alfa-2b,Long-acting biological response modifiers for chronic viral hepatitis B and C
antivirals_hiv_nucleoside_analogue_class,Nucleoside Reverse Transcriptase Inhibitor;Zidovudine;Abacavir;Lamivudine;Stavudine,Individual nucleoside/nucleotide reverse transcriptase inhibitor agents for HIV
antivirals_hiv_non_nucleoside_analogue_class,Non-Nucleoside Reverse Transcriptase Inhibitor;Efavirenz;Nevirapine;Rilpivirine;Etravirine,Individual non-nucleoside reverse transcriptase inhibitor agents for HIV
antivirals_hsv_vzv_nucleoside_analogs,Herpes DNA Polymerase Inhibitor;Acyclovir;Valacyclovir;Famciclovir,Guanosine analogs used for herpes simplex and varicella-zoster infections
antivirals_cmv_terminase_inhibitors,CMV Terminase Inhibitor;Letermovir,Antivirals targeting the CMV DNA terminase complex for prophylaxis
antivirals_hiv_strand_transfer_inhibitors,Integrase Strand Transfer Inhibitor;Dolutegravir;Raltegravir;Bictegravir;Elvitegravir,Antiretrovirals that prevent the integration of viral DNA into the host genome
antivirals_hcv_sofosbuvir_velpatasvir_type,Pan-genotypic HCV Combination;Sofosbuvir/Velpatasvir;Glecaprevir/Pibrentasvir,Direct-acting antiviral combination regimens effective against all HCV genotypes
ssri_fluoxetine_pattern,Antidepressant-SSRI-Fluoxetine;Fluoxetine;SSRI-Fluoxetine,Fluoxetine specific structural subclass of SSRIs
ssri_sertraline_pattern,Antidepressant-SSRI-Sertraline;Sertraline;SSRI-Sertraline,Sertraline specific structural subclass of SSRIs
ssri_paroxetine_pattern,Antidepressant-SSRI-Paroxetine;Paroxetine;SSRI-Paroxetine,Paroxetine specific structural subclass of SSRIs
snri_venlafaxine_pattern,Antidepressant-SNRI-Venlafaxine;Venlafaxine;SNRI-Venlafaxine,Venlafaxine specific structural subclass of SNRIs
snri_duloxetine_pattern,Antidepressant-SNRI-Duloxetine;Duloxetine;SNRI-Duloxetine,Duloxetine specific structural subclass of SNRIs
tca_dibenzocycloheptadiene_type,TCA-Dibenzocycloheptadiene;Amitriptyline;Nortriptyline,Tricyclic antidepressants with a dibenzocycloheptadiene core
tca_dibenzazepine_type,TCA-Dibenzazepine;Imipramine;Clomipramine,Tricyclic antidepressants with a dibenzazepine core
tca_dibenzoxepin_type,TCA-Dibenzoxepin;Doxepin,Tricyclic antidepressants with a dibenzoxepin core
antipsychotics_benzamide_type,Antipsychotic-Benzamide;Sulpiride;Amisulpride,Substituted benzamide class of antipsychotics
antipsychotics_diphenylbutylpiperidine_type,Antipsychotic-Diphenylbutylpiperidine;Pimozide,Diphenylbutylpiperidine class of antipsychotics
antipsychotics_thienobenzodiazepine_type,Antipsychotic-Thienobenzodiazepine;Olanzapine,Thienobenzodiazepine structural class of atypical antipsychotics
antipsychotics_dibenzothiazepine_type,Antipsychotic-Dibenzothiazepine;Quetiapine,Dibenzothiazepine structural class of atypical antipsychotics
antipsychotics_benzisoxazole_type,Antipsychotic-Benzisoxazole;Risperidone;Paliperidone,Benzisoxazole structural class of atypical antipsychotics
antipsychotics_dihydroindolone_type,Antipsychotic-Dihydroindolone;Ziprasidone,Dihydroindolone structural class of atypical antipsychotics
antipsychotics_quinolinone_type,Antipsychotic-Quinolinone;Aripiprazole,Quinolinone structural class of atypical antipsychotics
benzodiazepines_triazolo_type,Benzodiazepine-Triazolobenzodiazepine;Alprazolam;Triazolam,Benzodiazepines containing a fused triazole ring
benzodiazepines_imidazo_type,Benzodiazepine-Imidazobenzodiazepine;Midazolam,Benzodiazepines containing a fused imidazole ring
benzodiazepines_nitro_type,Benzodiazepine-Nitro;Clonazepam;Nitrazepam;Flunitrazepam,Benzodiazepines containing a nitro group
anticonvulsants_barbiturate_pattern,Anticonvulsant-Barbiturate;Phenobarbital;Primidone,Barbiturate class used for seizure control
anticonvulsants_topiramate_pattern,Anticonvulsant-Sulfamate;Topiramate,Sulfamate-substituted monosaccharide anticonvulsant
anticonvulsants_levetiracetam_pattern,Anticonvulsant-Pyrrolidine;Levetiracetam,Pyrrolidine derivative anticonvulsant class
anticonvulsants_zonisamide_pattern,Anticonvulsant-Isoxazole;Zonisamide,Benzisoxazole derivative anticonvulsant class
anticonvulsants_lacosamide_pattern,Anticonvulsant-Aminoacid;Lacosamide,Functionalized amino acid class of anticonvulsants
anticonvulsants_perampanel_pattern,Anticonvulsant-AMPA-Antagonist;Perampanel,Non-competitive AMPA receptor antagonist for epilepsy
opioids_morphine_phenanthrene_type,Opioid-Phenanthrene-Morphine;Morphine,Natural phenanthrene alkaloid opioid - morphine specific
opioids_codeine_phenanthrene_type,Opioid-Phenanthrene-Codeine;Codeine,Natural phenanthrene alkaloid opioid - codeine specific
opioids_fentanyl_piperidine_type,Opioid-Phenylpiperidine;Fentanyl,Synthetic phenylpiperidine class of potent opioids
opioids_methadone_propylamine_type,Opioid-Diphenylpropylamine;Methadone,Synthetic diphenylpropylamine class of opioids
opioids_tramadol_cyclohexanol_type,Opioid-Cyclohexanol;Tramadol,Synthetic cyclohexanol derivative opioid with dual action
opioids_pethidine_piperidine_type,Opioid-Piperidine-Pethidine;Pethidine;Meperidine,Phenylpiperidine derivative opioid - pethidine specific
inhaled_insulins,Inhaled Insulin;Afrezza,Rapid-acting insulin administered via inhalation
insulin_glulisine_monotherapy,Insulin-Glulisine;Apidra,Rapid-acting insulin analog glulisine
insulin_lispro_monotherapy,Insulin-Lispro;Humalog,Rapid-acting insulin analog lispro
insulin_aspart_monotherapy,Insulin-Aspart;Novolog;NovoRapid,Rapid-acting insulin analog aspart
insulin_glargine_monotherapy,Insulin-Glargine;Lantus;Toujeo;Basaglar,Long-acting basal insulin analog glargine
insulin_detemir_monotherapy,Insulin-Detemir;Levemir,Long-acting basal insulin analog detemir
insulin_degludec_monotherapy,Insulin-Degludec;Tresiba,Ultra-long-acting basal insulin analog degludec
prandial_insulin_class,Insulin-Rapid Acting;Insulin-Short Acting;Prandial Insulin,Insulins typically used for mealtime bolus coverage
basal_insulin_class,Insulin-Intermediate Acting;Insulin-Long Acting;Insulin-Ultra Long Acting;Basal Insulin,Insulins providing background glucose control
metformin_er_formulations,Metformin-Extended Release;Metformin XR;Metformin SR,Biguanide in extended or sustained release form
metformin_ir_formulations,Metformin-Immediate Release;Metformin IR,Biguanide in immediate release form
glimepiride_specific_agents,Sulfonylurea-Glimepiride;Glimepiride,Third generation sulfonylurea specifically glimepiride
glipizide_specific_agents,Sulfonylurea-Glipizide;Glipizide,Second generation sulfonylurea specifically glipizide
glibenclamide_specific_agents,Sulfonylurea-Glyburide;Sulfonylurea-Glibenclamide;Glibenclamide,Second generation sulfonylurea specifically glibenclamide
nateglinide_specific_agents,Meglitinide-Nateglinide;Nateglinide,Phenylalanine derivative meglitinide
repaglinide_specific_agents,Meglitinide-Repaglinide;Repaglinide,Carbamoylmethyl benzoic acid derivative meglitinide
sitagliptin_specific_agents,DPP4 Inhibitor-Sitagliptin;Sitagliptin,DPP-4 inhibitor sitagliptin plain
vildagliptin_specific_agents,DPP4 Inhibitor-Vildagliptin;Vildagliptin,DPP-4 inhibitor vildagliptin plain
saxagliptin_specific_agents,DPP4 Inhibitor-Saxagliptin;Saxagliptin,DPP-4 inhibitor saxagliptin plain
linagliptin_specific_agents,DPP4 Inhibitor-Linagliptin;Linagliptin,DPP-4 inhibitor linagliptin plain
alogliptin_specific_agents,DPP4 Inhibitor-Alogliptin;Alogliptin,DPP-4 inhibitor alogliptin plain
empagliflozin_specific_agents,SGLT2 Inhibitor-Empagliflozin;Empagliflozin,SGLT2 inhibitor empagliflozin plain
dapagliflozin_specific_agents,SGLT2 Inhibitor-Dapagliflozin;Dapagliflozin,SGLT2 inhibitor dapagliflozin plain
canagliflozin_specific_agents,SGLT2 Inhibitor-Canagliflozin;Canagliflozin,SGLT2 inhibitor canagliflozin plain
ertugliflozin_specific_agents,SGLT2 Inhibitor-Ertugliflozin;Ertugliflozin,SGLT2 inhibitor ertugliflozin plain
methimazole_preparations,Antithyroid-Methimazole;Methimazole,Thionamide antithyroid drug methimazole
ptu_preparations,Antithyroid-Propylthiouracil;PTU;Propylthiouracil,Thionamide antithyroid drug propylthiouracil
carbimazole_preparations,Antithyroid-Carbimazole;Carbimazole,Thionamide antithyroid drug carbimazole
synthetic_t4_preparations,Thyroid-Levothyroxine;L-Thyroxine;T4,Synthetic thyroxine (T4) hormone
synthetic_t3_preparations,Thyroid-Liothyronine;Cytomel;T3,Synthetic triiodothyronine (T3) hormone
antihistamine_h1_sedating_first_gen,Antihistamine - H1 Antagonist (1st Generation);Chlorpheniramine;Hydroxyzine;Diphenhydramine;Cyproheptadine,First generation H1 antihistamines with significant sedative and anticholinergic effects.
antihistamine_h1_nonsedating_second_gen,Antihistamine - H1 Antagonist (2nd Generation);Loratadine;Cetirizine;Azelastine,Second generation H1 antihistamines with minimal blood-brain barrier penetration.
antihistamine_h1_nonsedating_third_gen,Antihistamine - H1 Antagonist (3rd Generation);Fexofenadine;Desloratadine;Levocetirizine,Active metabolites or enantiomers of second generation antihistamines with improved safety profiles.
ppi_omeprazole_derivatives,Proton Pump Inhibitor: Omeprazole;Omeprazole;Losec;Miracid,Omeprazole based acid suppressants.
ppi_lansoprazole_derivatives,Proton Pump Inhibitor: Lansoprazole;Lansoprazole;Prevacid,Lansoprazole based acid suppressants.
ppi_pantoprazole_derivatives,Proton Pump Inhibitor: Pantoprazole;Pantoprazole;Controloc,Pantoprazole based acid suppressants.
ppi_rabeprazole_derivatives,Proton Pump Inhibitor: Rabeprazole;Rabeprazole;Pariet,Rabeprazole based acid suppressants.
ppi_esomeprazole_derivatives,Proton Pump Inhibitor: Esomeprazole;Esomeprazole;Nexium,Esomeprazole based acid suppressants (S-isomer of omeprazole).
antiemetic_benzamide_derivatives,Antiemetic - Benzamide;Metoclopramide;Itopride,Benzamide derivatives used for nausea and prokinetic action.
antiemetic_butyrophenone_derivatives,Antiemetic - Butyrophenone;Haloperidol;Droperidol,Butyrophenones used as potent central antiemetics.
antiemetic_antihistamine_type,Antiemetic - H1 Antagonist;Dimenhydrinate;Meclizine,Antihistamines specifically indicated for motion sickness and nausea.
saba_inhalation_solutions,SABA - Nebulizer Solution;Salbutamol Nebule;Terbutaline Solution;Ventolin Nebules,Short-acting beta2-agonists in liquid form for nebulization.
saba_metered_dose_inhalers,SABA - MDI;Salbutamol MDI;Ventolin Evohaler;Bricanyl Turbuhaler,Short-acting beta2-agonists in metered-dose or dry powder inhalers.
sama_inhalation_monotherapy,Anticholinergic - SAMA;Ipratropium;Atrovent,Short-acting muscarinic antagonists used alone for bronchodilation.
laba_inhalation_monotherapy,Bronchodilator - LABA (Monotherapy);Salmeterol;Indacaterol;Formoterol,Long-acting beta2-agonists without concurrent corticosteroid in the same device.
lama_inhalation_monotherapy,Anticholinergic - LAMA (Monotherapy);Tiotropium;Spiriva;Glycopyrronium;Umeclidinium,Long-acting muscarinic antagonists used as primary maintenance for COPD.
ics_budesonide_inhalants,Inhaled Corticosteroid - Budesonide;Pulmicort;Budesonide,Budesonide preparations for inhalation.
ics_fluticasone_inhalants,Inhaled Corticosteroid - Fluticasone;Flixotide;Fluticasone propionate,Fluticasone preparations for inhalation.
ics_mometasone_inhalants,Inhaled Corticosteroid - Mometasone;Asmanex;Mometasone furoate,Mometasone preparations for inhalation.
ics_beclomethasone_inhalants,Inhaled Corticosteroid - Beclomethasone;Becloforte;Clenil,Beclomethasone preparations for inhalation.
ics_ciclesonide_inhalants,Inhaled Corticosteroid - Ciclesonide;Alvesco,Ciclesonide preparations for inhalation.
methylxanthine_derivatives_theophylline,Xanthine derivative - Theophylline;Theophylline SR;Quibron,Oral theophylline preparations for chronic asthma/COPD management.
methylxanthine_derivatives_aminophylline,Xanthine derivative - Aminophylline;Aminophylline injection,Injectable aminophylline for acute bronchospasm.
topical_nasal_decongestants,Nasal Decongestant - Topical;Oxymetazoline;Iliadin;Xylometazoline,Alpha-adrenergic agonists applied locally to the nasal mucosa.
oral_sympathomimetic_decongestants,Decongestant - Systemic;Pseudoephedrine;Phenylephrine,Systemic alpha-adrenergic agonists for nasal congestion.
gi_prokinetic_motilin_agonists,Prokinetic - Motilin Agonist;Erythromycin (low dose),Low-dose macrolides used for their motilin-mimetic gastric emptying effects.
gi_prokinetic_5ht4_selective,Prokinetic - 5-HT4 Agonist;Prucalopride;Mosapride,Selective serotonin 5-HT4 receptor agonists for GI motility.
antacid_alginate_preparations,Antacid - Alginate;Gaviscon;Sodium Alginate,Raft-forming agents for gastro-oesophageal reflux.
antacid_magnesium_aluminum_hydroxide,Antacid - Al-Mg combination;Magesto;Antacil;Aluminum Hydroxide & Magnesium Hydroxide,Traditional aluminum and magnesium based neutralizing agents.
antiemetic_5ht3_antagonist_specific,Antiemetic - 5-HT3 Antagonist;Ondansetron;Granisetron;Palonosetron,Serotonin blockers specifically used for chemotherapy-induced or postoperative nausea.
ace_inhibitor_perindopril_group,Antihypertensive-ACE Inhibitor;Perindopril;Perindopril arginine;Perindopril erbumine,ACE inhibitor medications containing perindopril as the active moiety.
ace_inhibitor_ramipril_group,Antihypertensive-ACE Inhibitor;Ramipril,ACE inhibitor medications containing ramipril.
ace_inhibitor_enalapril_group,Antihypertensive-ACE Inhibitor;Enalapril;Enalapril maleate,ACE inhibitor medications containing enalapril.
ace_inhibitor_lisinopril_group,Antihypertensive-ACE Inhibitor;Lisinopril,ACE inhibitor medications containing lisinopril.
arb_losartan_potassium_type,Angiotensin II Receptor Antagonist;Losartan;Losartan potassium,Angiotensin receptor blocker medications specifically containing losartan.
arb_valsartan_type,Angiotensin II Receptor Antagonist;Valsartan,Angiotensin receptor blocker medications specifically containing valsartan.
arb_irbesartan_type,Angiotensin II Receptor Antagonist;Irbesartan,Angiotensin receptor blocker medications specifically containing irbesartan.
arb_candesartan_type,Angiotensin II Receptor Antagonist;Candesartan;Candesartan cilexetil,Angiotensin receptor blocker medications specifically containing candesartan.
arb_telmisartan_type,Angiotensin II Receptor Antagonist;Telmisartan,Angiotensin receptor blocker medications specifically containing telmisartan.
arb_olmesartan_type,Angiotensin II Receptor Antagonist;Olmesartan;Olmesartan medoxomil,Angiotensin receptor blocker medications specifically containing olmesartan.
beta_blocker_bisoprolol_type,Beta-Adrenoceptor Blocker;Bisoprolol;Bisoprolol fumarate,Cardioselective beta-blocker specifically containing bisoprolol.
beta_blocker_metoprolol_type,Beta-Adrenoceptor Blocker;Metoprolol;Metoprolol tartrate;Metoprolol succinate,Cardioselective beta-blocker specifically containing metoprolol.
beta_blocker_carvedilol_type,Beta-Adrenoceptor Blocker;Carvedilol,Non-selective beta-blocker with alpha-blocking activity containing carvedilol.
beta_blocker_nebivolol_type,Beta-Adrenoceptor Blocker;Nebivolol;Nebivolol hydrochloride,Third-generation beta-blocker with vasodilating properties containing nebivolol.
beta_blocker_acebutolol_type,Beta-Adrenoceptor Blocker;Acebutolol,Beta-blocker with intrinsic sympathomimetic activity containing acebutolol.
beta_blocker_sotalol_type,Beta-Adrenoceptor Blocker;Sotalol;Sotalol hydrochloride,Non-selective beta-blocker with Class III antiarrhythmic properties.
ccb_lercanidipine_type,Calcium Channel Blocker;Lercanidipine;Lercanidipine hydrochloride,Dihydropyridine calcium channel blocker containing lercanidipine.
ccb_manidipine_type,Calcium Channel Blocker;Manidipine;Manidipine hydrochloride,Dihydropyridine calcium channel blocker containing manidipine.
ccb_nicardipine_type,Calcium Channel Blocker;Nicardipine;Nicardipine hydrochloride,Dihydropyridine calcium channel blocker often used parenterally.
ccb_isradipine_type,Calcium Channel Blocker;Isradipine,Dihydropyridine calcium channel blocker containing isradipine.
loop_diuretics_furosemide_type,Loop Diuretic;Furosemide,High-ceiling diuretic specifically containing furosemide.
loop_diuretics_torsemide_type,Loop Diuretic;Torsemide;Torasemide,Loop diuretic with longer half-life containing torsemide.
thiazide_hydrochlorothiazide_type,Thiazide Diuretic;Hydrochlorothiazide,Short-acting thiazide diuretic containing hydrochlorothiazide.
thiazide_indapamide_type,Thiazide-like Diuretic;Indapamide,Long-acting thiazide-like diuretic containing indapamide.
thiazide_chlorthalidone_type,Thiazide-like Diuretic;Chlorthalidone,Potent long-acting thiazide-like diuretic containing chlorthalidone.
statin_atorvastatin_type,HMG-CoA Reductase Inhibitor;Atorvastatin;Atorvastatin calcium,High-potency lipophilic statin containing atorvastatin.
statin_rosuvastatin_type,HMG-CoA Reductase Inhibitor;Rosuvastatin;Rosuvastatin calcium,High-potency hydrophilic statin containing rosuvastatin.
statin_simvastatin_type,HMG-CoA Reductase Inhibitor;Simvastatin,Lipophilic statin pro-drug containing simvastatin.
statin_pravastatin_type,HMG-CoA Reductase Inhibitor;Pravastatin;Pravastatin sodium,Hydrophilic statin not metabolized by CYP3A4.
antiplatelet_clopidogrel_type,Platelet Aggregation Inhibitor;Clopidogrel;Clopidogrel bisulfate,Thienopyridine P2Y12 inhibitor containing clopidogrel.
penicillins_amoxicillin_clavulanate_combinations,Amoxicillin and enzyme inhibitor;Amoxicillin-Clavulanic Acid,Potentiated aminopenicillin combinations for oral or parenteral use.
penicillins_ampicillin_sulbactam_combinations,Ampicillin and enzyme inhibitor;Ampicillin-Sulbactam,Beta-lactamase inhibitor combination typically used parenterally.
penicillins_piperacillin_tazobactam_combinations,Piperacillin and enzyme inhibitor;Piperacillin-Tazobactam,Antipseudomonal penicillin combined with a beta-lactamase inhibitor.
penicillins_phenoxymethylpenicillin_v,Penicillin V;Phenoxymethylpenicillin,Acid-stable oral natural penicillin.
penicillins_cloxacillin_preparations,Cloxacillin;Penicillins: Isoxazolyl,Antistaphylococcal isoxazolyl penicillin for systemic use.
cephalosporins_ceftriaxone_parenteral_agents,Ceftriaxone;3rd Generation Cephalosporin,Long-acting injectable third-generation cephalosporin.
cephalosporins_cefotaxime_parenteral_agents,Cefotaxime;3rd Generation Cephalosporin,Injectable third-generation cephalosporin for systemic infections.
cephalosporins_ceftazidime_pseudomonal_agents,Ceftazidime;Cephalosporins: 3rd Generation,Injectable third-generation cephalosporin with antipseudomonal activity.
cephalosporins_cefuroxime_axetil_preparations,Cefuroxime;Cefuroxime axetil,Second-generation cephalosporin available in oral prodrug form.
cephalosporins_cefazolin_parenteral_agents,Cefazolin;Cephalosporins: 1st Generation,Commonly used parenteral first-generation cephalosporin.
cephalosporins_cefixime_oral_agents,Cefixime;Cephalosporins: 3rd Generation,Oral third-generation cephalosporin for community-acquired infections.
macrolides_clarithromycin_macrolide_agents,Clarithromycin;Macrolides,Advanced macrolide with enhanced activity against gram-positive organisms.
macrolides_roxithromycin_macrolide_agents,Roxithromycin;Macrolides,Semi-synthetic macrolide with improved pharmacokinetic properties.
macrolides_spiramycin_macrolide_agents,Spiramycin;Macrolides,Macrolide often indicated for toxoplasmosis and dental infections.
fluoroquinolones_levofloxacin_systemic,Levofloxacin;Quinolones,Respiratory fluoroquinolone with broad-spectrum activity.
fluoroquinolones_moxifloxacin_systemic,Moxifloxacin;Quinolones,Fourth-generation fluoroquinolone with anaerobic activity.
fluoroquinolones_ofloxacin_systemic,Ofloxacin;Quinolones,Second-generation fluoroquinolone for systemic use.
antifungals_itraconazole_triazole_agents,Itraconazole;Triazoles,Systemic triazole antifungal for various mycoses.
antifungals_voriconazole_triazole_agents,Voriconazole;Triazoles,Second-generation triazole used for invasive aspergillosis.
antifungals_caspofungin_echinocandin_agents,Caspofungin;Echinocandins,Echinocandin antifungal inhibiting beta-glucan synthesis.
antifungals_micafungin_echinocandin_agents,Micafungin;Echinocandins,Systemic echinocandin for candidemia and prophylaxis.
antifungals_terbinafine_oral_agents,Terbinafine;Allylamines,Oral allylamine antifungal for onychomycosis.
antivirals_valacyclovir_preparations,Valacyclovir;Antivirals: Herpes,Prodrug of acyclovir for herpes infections.
antivirals_famciclovir_preparations,Famciclovir;Antivirals: Herpes,Oral prodrug of penciclovir used for herpes zoster.
antivirals_oseltamivir_capsules,Oseltamivir;Antivirals: Influenza,Oral neuraminidase inhibitor for influenza treatment.
antivirals_tenofovir_alafenamide_hbv_agents,Tenofovir alafenamide;Nucleotide Analogue,Nucleotide analogue with high plasma stability for HBV.
antivirals_entecavir_hbv_agents,Entecavir;Nucleoside Analogue,Guanosine nucleoside analogue for chronic HBV.
antivirals_dolutegravir_integrase_inhibitors,Dolutegravir;Integrase Inhibitors,High-potency HIV integrase strand transfer inhibitor.
antivirals_ritonavir_hiv_protease_inhibitors,Ritonavir;Protease Inhibitors,Protease inhibitor primarily used as a pharmacokinetic booster.
antivirals_remdesivir_covid_agents,Remdesivir;Antivirals: RNA Polymerase Inhibitors,Direct-acting antiviral for severe SARS-CoV-2 infection.
ssri_citalopram_agents,Citalopram;Selective serotonin reuptake inhibitors,Specific mapping for citalopram within the SSRI class
ssri_escitalopram_agents,Escitalopram;Selective serotonin reuptake inhibitors,Specific mapping for escitalopram within the SSRI class
snri_desvenlafaxine_agents,Desvenlafaxine;Serotonin-norepinephrine reuptake inhibitors,Mapping for desvenlafaxine under the SNRI therapeutic group
snri_milnacipran_agents,Milnacipran;Serotonin-norepinephrine reuptake inhibitors,Mapping for milnacipran under the SNRI therapeutic group
tca_amitriptyline_agents,Amitriptyline;Tricyclic antidepressants,Primary mapping for amitriptyline in the TCA class
tca_imipramine_agents,Imipramine;Tricyclic antidepressants,Primary mapping for imipramine in the TCA class
tca_nortriptyline_agents,Nortriptyline;Tricyclic antidepressants,Primary mapping for nortriptyline in the TCA class
tca_clomipramine_agents,Clomipramine;Tricyclic antidepressants,Primary mapping for clomipramine in the TCA class
antipsychotics_risperidone_agents,Risperidone;Atypical antipsychotics,Second-generation antipsychotic mapping for risperidone
antipsychotics_olanzapine_agents,Olanzapine;Atypical antipsychotics,Second-generation antipsychotic mapping for olanzapine
antipsychotics_quetiapine_agents,Quetiapine;Atypical antipsychotics,Second-generation antipsychotic mapping for quetiapine
antipsychotics_aripiprazole_agents,Aripiprazole;Atypical antipsychotics,Third-generation antipsychotic mapping for aripiprazole
antipsychotics_clozapine_agents,Clozapine;Atypical antipsychotics,Mapping for clozapine under atypical antipsychotics
antipsychotics_haloperidol_agents,Haloperidol;Typical antipsychotics,First-generation antipsychotic mapping for haloperidol
antipsychotics_ziprasidone_agents,Ziprasidone;Atypical antipsychotics,Atypical antipsychotic mapping for ziprasidone
benzodiazepines_diazepam_agents,Diazepam;Anxiolytics;Benzodiazepine derivatives,Specific mapping for diazepam agents
benzodiazepines_lorazepam_agents,Lorazepam;Anxiolytics;Benzodiazepine derivatives,Specific mapping for lorazepam agents
benzodiazepines_alprazolam_agents,Alprazolam;Anxiolytics;Benzodiazepine derivatives,Specific mapping for alprazolam agents
benzodiazepines_clonazepam_agents,Clonazepam;Antiepileptics;Benzodiazepine derivatives,Specific mapping for clonazepam agents
benzodiazepines_midazolam_agents,Midazolam;Hypnotics and sedatives;Benzodiazepine derivatives,Specific mapping for midazolam agents
anticonvulsants_valproate_agents,Valproic acid;Sodium valproate;Antiepileptics,Broad mapping for valproate derivatives
anticonvulsants_carbamazepine_agents,Carbamazepine;Antiepileptics;Carboxamide derivatives,Specific mapping for carbamazepine agents
anticonvulsants_phenytoin_agents,Phenytoin;Antiepileptics;Hydantoin derivatives,Specific mapping for phenytoin agents
anticonvulsants_gabapentin_agents,Gabapentin;Antiepileptics;Other antiepileptics,Specific mapping for gabapentin under CNS agents
anticonvulsants_pregabalin_agents,Pregabalin;Antiepileptics;Other antiepileptics,Specific mapping for pregabalin under CNS agents
opioids_oxycodone_agents,Oxycodone;Opioids;Natural opium alkaloids,Semisynthetic opioid mapping for oxycodone
opioids_hydromorphone_agents,Hydromorphone;Opioids;Natural opium alkaloids,Semisynthetic opioid mapping for hydromorphone
opioids_buprenorphine_agents,Buprenorphine;Opioids;Oripavine derivatives,Mixed agonist-antagonist opioid mapping for buprenorphine
opioids_tapentadol_agents,Tapentadol;Opioids;Other opioids,Dual mechanism opioid mapping for tapentadol
opioids_hydrocodone_agents,Hydrocodone;Opioids;Natural opium alkaloids,Opioid analgesic mapping for hydrocodone
metformin_liquid_formulations,Metformin Oral Solution;Biguanides,Metformin in liquid solution form
metformin_powder_sachets,Metformin Powder;Biguanides,Metformin available in sachet/powder form
insulins_u500_concentrated,"Insulin Human Regular, Concentrated;U-500 Insulin",Highly concentrated regular human insulin
insulins_u200_concentrated,"Insulin Analogue, Concentrated;U-200 Insulin",Concentrated insulin analogues like lispro or degludec U-200
insulins_u300_concentrated,"Insulin Glargine, Concentrated;U-300 Insulin",Concentrated insulin glargine U-300
glipizide_xl_formulations,Glipizide Extended Release;Sulfonylureas;Glipizide GITS,Extended or controlled release glipizide
gliclazide_mr_formulations,Gliclazide Modified Release;Sulfonylureas,Modified release gliclazide preparations
gliclazide_specific_agents,Gliclazide;Sulfonylureas,Specific mapping for second generation gliclazide
tolbutamide_specific_agents,Tolbutamide;Sulfonylureas,First generation sulfonylurea mapping
chlorpropamide_specific_agents,Chlorpropamide;Sulfonylureas,Long-acting first generation sulfonylurea
teneligliptin_specific_agents,Teneligliptin;DPP-4 Inhibitors,DPP-4 inhibitor mapping for teneligliptin
gemigliptin_specific_agents,Gemigliptin;DPP-4 Inhibitors,DPP-4 inhibitor mapping for gemigliptin
anagliptin_specific_agents,Anagliptin;DPP-4 Inhibitors,DPP-4 inhibitor mapping for anagliptin
trelagliptin_weekly_dpp4i,Trelagliptin;DPP-4 Inhibitors,Once-weekly DPP-4 inhibitor agent
omarigliptin_weekly_dpp4i,Omarigliptin;DPP-4 Inhibitors,Once-weekly DPP-4 inhibitor agent
ipragliflozin_specific_agents,Ipragliflozin;SGLT2 Inhibitors,SGLT2 inhibitor mapping for ipragliflozin
luseogliflozin_specific_agents,Luseogliflozin;SGLT2 Inhibitors,SGLT2 inhibitor mapping for luseogliflozin
tofogliflozin_specific_agents,Tofogliflozin;SGLT2 Inhibitors,SGLT2 inhibitor mapping for tofogliflozin
sotagliflozin_dual_sglt1_2,Sotagliflozin;SGLT Inhibitors,Dual SGLT1 and SGLT2 inhibitor
bexagliflozin_specific_agents,Bexagliflozin;SGLT2 Inhibitors,SGLT2 inhibitor mapping for bexagliflozin
thyroid_dessicated_porcine,"Thyroid, Dessicated;Thyroid Hormones;Armour Thyroid",Natural porcine-derived thyroid extract
levothyroxine_liquid_solutions,Levothyroxine Oral Solution;Thyroid Hormones,Levothyroxine in liquid formulation
levothyroxine_soft_gel_capsules,Levothyroxine Softgel;Thyroid Hormones,Soft gel capsule formulation of levothyroxine
liothyronine_injectable_preparations,Liothyronine Injection;Thyroid Hormones,Injectable T3 thyroid hormone
propylthiouracil_compounded_suspension,Propylthiouracil Suspension;Antithyroid Agents,Liquid/suspension form of propylthiouracil
metformin_fortamet_brand_type,Metformin Osmotic-Release;Biguanides,Specific osmotic-release metformin formulation
metformin_glumetza_brand_type,Metformin Gastric-Retentive;Biguanides,Specific gastric-retentive metformin formulation
insulin_lispro_aabc_ultra_rapid,Insulin Lispro-aabc;Ultra-Rapid Acting Insulin;Lyumjev,Ultra-rapid acting insulin lispro formulation
insulin_aspart_fiasp_ultra_rapid,Insulin Aspart Fast-Acting;Ultra-Rapid Acting Insulin;Fiasp,Ultra-rapid acting insulin aspart formulation
evogliptin_specific_agents,Evogliptin;DPP-4 Inhibitors,DPP-4 inhibitor mapping for evogliptin
dexlansoprazole_specific_agents,Dexlansoprazole;Proton Pump Inhibitors;PPI,dexlansoprazole isomer PPI
ilaprazole_specific_agents,Ilaprazole;Proton Pump Inhibitors;PPI,newer generation PPI
vonoprazan_p_cab_agents,Vonoprazan;Potassium-Competitive Acid Blockers;P-CAB,P-CAB for acid-related disorders
tegoprazan_p_cab_agents,Tegoprazan;Potassium-Competitive Acid Blockers;P-CAB,P-CAB used in GI disorders
aprepitant_nk1_antagonists,Aprepitant;NK1 Receptor Antagonist,substance P/NK1 receptor antagonist
fosaprepitant_nk1_antagonists,Fosaprepitant;NK1 Receptor Antagonist;Antiemetics,intravenous NK1 receptor antagonist
netupitant_nk1_antagonists,Netupitant;NK1 Receptor Antagonist;Antiemetics,NK1 antagonist for chemotherapy-induced nausea
rolapitant_nk1_antagonists,Rolapitant;NK1 Receptor Antagonist;Antiemetics,long-acting NK1 receptor antagonist
palonosetron_5ht3_antagonists,Palonosetron;5-HT3 Antagonist;Antiemetics,second-generation 5-HT3 antagonist
dolasetron_5ht3_antagonists,Dolasetron;5-HT3 Antagonist;Antiemetics,5-HT3 receptor antagonist for emesis
granisetron_5ht3_antagonists,Granisetron;5-HT3 Antagonist;Antiemetics,selective 5-HT3 receptor antagonist
tiotropium_lama_agents,Tiotropium;Long-Acting Muscarinic Antagonist;LAMA,long-acting anticholinergic for COPD
umeclidinium_lama_agents,Umeclidinium;Long-Acting Muscarinic Antagonist;LAMA,LAMA for maintenance treatment of COPD
aclidinium_lama_agents,Aclidinium;Long-Acting Muscarinic Antagonist;LAMA,long-acting muscarinic antagonist for airway disease
glycopyrronium_lama_agents,Glycopyrronium;Long-Acting Muscarinic Antagonist;LAMA,inhaled LAMA for respiratory therapy
indacaterol_laba_agents,Indacaterol;Long-Acting Beta-2 Agonists;LABA,ultra-long-acting beta2-agonist
olodaterol_laba_agents,Olodaterol;Long-Acting Beta-2 Agonists;LABA,once-daily inhaled LABA
vilanterol_laba_agents,Vilanterol;Long-Acting Beta-2 Agonists;LABA,LABA used in combination inhalers
formoterol_laba_agents,Formoterol;Long-Acting Beta-2 Agonists;LABA,rapid-onset long-acting beta2-agonist
salmeterol_laba_agents,Salmeterol;Long-Acting Beta-2 Agonists;LABA,long-acting beta2-adrenergic agonist
flunisolide_ics_preparations,Flunisolide;Inhaled Corticosteroids;ICS,inhaled glucocorticoid for asthma
triamcinolone_acetonide_inhaled,Triamcinolone Acetonide Inhalation;Inhaled Corticosteroids;ICS,inhaled form of triamcinolone for respiratory use
budesonide_nebulae_specific,Budesonide Respiration Solution;Budesonide Nebulae;Budesonide Inhalation Suspension,liquid budesonide for nebulization
fluticasone_propionate_respules,Fluticasone Propionate Nebule;Fluticasone Respules,nebulized fluticasone propionate
bilastine_antihistamines,Bilastine;H1 Antihistamine;Antihistamines,non-sedating H1 receptor antagonist
rupatadine_antihistamines,Rupatadine;H1 Antihistamine;Antihistamines,antihistamine with PAF antagonist activity
ebastine_antihistamines,Ebastine;H1 Antihistamine;Antihistamines,second-generation H1 blocker
levocetirizine_antihistamines,Levocetirizine;H1 Antihistamine;Antihistamines,R-enantiomer of cetirizine
desloratadine_antihistamines,Desloratadine;H1 Antihistamine;Antihistamines,active metabolite of loratadine
fexofenadine_antihistamines,Fexofenadine;H1 Antihistamine;Antihistamines,active metabolite of terfenadine
ace_inhibitor_benazepril_type,Benazepril;ACE Inhibitor;Antihypertensive-ACE Inhibitor,Benazepril specific ACE inhibitor class
ace_inhibitor_fosinopril_type,Fosinopril;ACE Inhibitor;Antihypertensive-ACE Inhibitor,Fosinopril specific phosphonate-containing ACE inhibitor
ace_inhibitor_quinapril_type,Quinapril;ACE Inhibitor;Antihypertensive-ACE Inhibitor,Quinapril specific dicarboxylate ACE inhibitor
ace_inhibitor_trandolapril_type,Trandolapril;ACE Inhibitor;Antihypertensive-ACE Inhibitor,Trandolapril specific long-acting ACE inhibitor
ace_inhibitor_moexipril_type,Moexipril;ACE Inhibitor;Antihypertensive-ACE Inhibitor,Moexipril specific oral ACE inhibitor
arb_eprosartan_type,Eprosartan;Angiotensin II Receptor Antagonist;ARB,Eprosartan non-biphenyl non-tetrazole ARB
arb_azilsartan_type,Azilsartan;Angiotensin II Receptor Antagonist;ARB,Azilsartan specific angiotensin receptor blocker
arb_medoxomil_derivatives,Olmesartan medoxomil;Azilsartan medoxomil,Medoxomil prodrug versions of ARBs
beta_blocker_nadolol_type,Nadolol;Beta-Blocker;Beta-Adrenergic Blocker,Nadolol specific non-selective beta blocker
beta_blocker_pindolol_type,Pindolol;Beta-Blocker;Beta-Adrenergic Blocker,Pindolol specific beta blocker with ISA
beta_blocker_penbutolol_type,Penbutolol;Beta-Blocker;Beta-Adrenergic Blocker,Penbutolol specific beta-adrenoceptor antagonist
beta_blocker_betaxolol_type,Betaxolol;Beta-Blocker;Beta-Adrenergic Blocker,Betaxolol specific cardioselective beta-1 blocker
beta_blocker_carteolol_type,Carteolol;Beta-Blocker;Beta-Adrenergic Blocker,Carteolol specific non-selective beta antagonist
ccb_nimodipine_type,Nimodipine;Calcium Channel Blocker;Dihydropyridine,Nimodipine cerebrovascular selective CCB
ccb_nisoldipine_type,Nisoldipine;Calcium Channel Blocker;Dihydropyridine,Nisoldipine specific dihydropyridine CCB
ccb_clevidipine_parenteral,Clevidipine;Calcium Channel Blocker;Intravenous Dihydropyridine,Clevidipine intravenous dihydropyridine for hypertension
ccb_bepridil_type,Bepridil;Calcium Channel Blocker;Non-selective CCB,Bepridil non-selective calcium channel blocker
thiazide_methyclothiazide_type,Methyclothiazide;Thiazide Diuretic;Benzothiadiazide,Methyclothiazide benzothiadiazide diuretic
thiazide_polythiazide_type,Polythiazide;Thiazide Diuretic;Diuretics,Polythiazide thiazide diuretic agent
diuretic_ethacrynic_acid_type,Ethacrynic acid;Loop Diuretic;Phenoxyacetic acid derivative,Ethacrynic acid phenoxyacetic loop diuretic
diuretic_bumetanide_type,Bumetanide;Loop Diuretic;Sulfamoylbenzoic acid,Bumetanide sulfamoylbenzoic loop diuretic
diuretic_metolazone_type,Metolazone;Thiazide-like Diuretic;Quinazoline,Metolazone quinazoline thiazide-like diuretic
diuretic_amiloride_combinations,Amiloride and Hydrochlorothiazide;Amiloride with diuretics,Fixed dose potassium-sparing combinations with amiloride
diuretic_triamterene_combinations,Triamterene and Hydrochlorothiazide;Triamterene with diuretics,Fixed dose potassium-sparing combinations with triamterene
statin_pitavastatin_type,Pitavastatin;HMG-CoA Reductase Inhibitor;Statins,Pitavastatin specific synthetic statin
statin_lovastatin_type,Lovastatin;HMG-CoA Reductase Inhibitor;Statins,Lovastatin natural statin derivative
statin_fluvastatin_type,Fluvastatin;HMG-CoA Reductase Inhibitor;Statins,Fluvastatin specific synthetic statin derivative
antiplatelet_prasugrel_type,Prasugrel;P2Y12 Inhibitor;Thienopyridine,Prasugrel thienopyridine antiplatelet
antiplatelet_ticagrelor_type,Ticagrelor;P2Y12 Inhibitor;CPTP,Ticagrelor cyclopentyltriazolopyrimidine antiplatelet
antiplatelet_vorapaxar_type,Vorapaxar;Antiplatelet;PAR-1 Antagonist,Vorapaxar PAR-1 selective antagonist antiplatelet
penicillins_temocillin_type,Temocillin;Penicillin Antibiotic;Gram-negative Penicillin,Penicillin antibiotic specific for certain Gram-negative bacteria
penicillins_mecillinam_type,Mecillinam;Pivmecillinam;Amdinocillin;Penicillin,Penicillins used specifically for urinary tract infections
penicillins_flucloxacillin_type,Flucloxacillin;Isoxazolyl Penicillin;Antistaphylococcal Penicillin,Narrow-spectrum beta-lactam antibiotic of the penicillin class
penicillins_methicillin_type,Methicillin;Penicillinase-resistant Penicillin,Historical penicillinase-resistant penicillin
cephalosporins_cefaclor_group,Cefaclor;Cephalosporin-2nd Generation;Antibiotic,Second-generation oral cephalosporin agent
cephalosporins_cefprozil_group,Cefprozil;Cephalosporin-2nd Generation;Antibiotic,Second-generation oral cephalosporin agent
cephalosporins_cefditoren_group,Cefditoren;Cephalosporin-3rd Generation;Antibiotic,Third-generation oral cephalosporin pivoxil derivative
cephalosporins_ceftibuten_group,Ceftibuten;Cephalosporin-3rd Generation;Antibiotic,Third-generation oral cephalosporin agent
cephalosporins_cefradine_group,Cefradine;Cephradine;Cephalosporin-1st Generation,First-generation cephalosporin for systemic use
fluoroquinolones_gemifloxacin_type,Gemifloxacin;Fluoroquinolone;Respiratory Antibiotic,Respiratory fluoroquinolone agent for pneumonia or bronchitis
fluoroquinolones_gatifloxacin_ophthalmic,Gatifloxacin;Fluoroquinolone;Ophthalmic Antibiotic,Fluoroquinolone antibiotic used in ocular preparations
fluoroquinolones_besifloxacin_ophthalmic,Besifloxacin;Fluoroquinolone;Ophthalmic Antibiotic,Fluoroquinolone antibiotic used for bacterial conjunctivitis
antifungals_posaconazole_triazole,Posaconazole;Triazole Antifungal;Antimycotic,Second-generation extended-spectrum triazole antifungal
antifungals_isavuconazole_triazole,Isavuconazole;Isavuconazonium;Triazole Antifungal,Broad-spectrum triazole antifungal for invasive fungal infections
antifungals_nystatin_polyene,Nystatin;Polyene Antifungal;Antimycotic,Polyene antifungal primarily for oral or intestinal candidiasis
antivirals_baloxavir_marboxil,Baloxavir;Influenza Endonuclease Inhibitor;Antiviral,Cap-dependent endonuclease inhibitor for acute influenza
antivirals_maraviroc_ccr5_antagonist,Maraviroc;CCR5 Antagonist;HIV Entry Inhibitor,Entry inhibitor specifically for CCR5-tropic HIV-1
antivirals_enfuvirtide_fusion_inhibitor,Enfuvirtide;Fusion Inhibitor;HIV Antiviral,Biomimetic peptide fusion inhibitor for HIV treatment
antivirals_letermovir_cmv_specific,Letermovir;CMV DNA Terminase Complex Inhibitor,Non-nucleoside antiviral specifically for CMV prophylaxis
antivirals_foscarnet_anti_cmv,Foscarnet;Antiviral;Pyrophosphate Analogue,Non-nucleoside DNA polymerase inhibitor used for CMV retinitis
ace_inhibitor_cilazapril_group,Cilazapril;Inhibace,Specific ACE inhibitor cilazapril and its variants
ace_inhibitor_imidapril_group,Imidapril;Tanatril,Specific ACE inhibitor imidapril used in hypertension and proteinuric kidney disease
ace_inhibitor_delapril_group,Delapril;Adecut,Specific ACE inhibitor delapril primarily used in East Asian markets
ace_inhibitor_temocapril_group,Temocapril;Acecol,Specific ACE inhibitor temocapril with biliary and renal excretion
ace_inhibitor_zofenopril_group,Zofenopril;Zofepril,Specific ACE inhibitor zofenopril often used post-myocardial infarction
ace_inhibitor_spirapril_group,Spirapril;Renormax,Specific ACE inhibitor spirapril with dual elimination
arb_fimasartan_type,Fimasartan;Kanarb,Non-peptide angiotensin II receptor antagonist fimasartan
arb_milfasartan_type,Milfasartan,Specific ARB class agent milfasartan
beta_blocker_esmolol_type,Esmolol;Brevibloc,Ultra-short acting cardioselective beta-1 blocker administered intravenously
beta_blocker_landiolol_type,Landiolol;Onoact,Highly cardioselective ultra-short acting beta blocker for perioperative use
beta_blocker_celiprolol_type,Celiprolol;Selecor,Unique beta-1 antagonist and beta-2 partial agonist profile
beta_blocker_oxprenolol_type,Oxprenolol;Trasicor,Non-selective beta blocker with significant intrinsic sympathomimetic activity
beta_blocker_alprenolol_type,Alprenolol;Aptin,Non-selective beta blocker with intrinsic sympathomimetic activity
beta_blocker_bevantolol_type,Bevantolol;Vantol,Cardioselective beta-1 adrenergic receptor antagonist
beta_blocker_talinolol_type,Talinolol;Cordanum,Highly cardioselective beta-1 blocker
ccb_cilnidipine_type,Cilnidipine;Atelec,Fourth-generation CCB with dual L-type and N-type calcium channel blocking activity
ccb_aranidipine_type,Aranidipine;Sapresta,Specific dihydropyridine calcium channel blocker
ccb_azelnidipine_type,Azelnidipine;Calblock,Long-acting dihydropyridine CCB with antioxidant properties
ccb_barnidipine_type,Barnidipine;Hypoca,High affinity dihydropyridine calcium channel blocker
ccb_benidipine_type,Benidipine;Coniel,"Triple L, T, and N-type calcium channel blocker for vascular protection"
ccb_nilvadipine_type,Nilvadipine;Nivalin,Dihydropyridine CCB with high lipophilicity
ccb_pranidipine_type,Pranidipine;Acalas,Long-acting dihydropyridine calcium channel blocker
diuretic_eplerenone_type,Eplerenone;Inspra,Selective mineralocorticoid receptor antagonist with fewer hormonal side effects than spironolactone
diuretic_finerenone_type,Finerenone;Kerendia,Non-steroidal mineralocorticoid receptor antagonist for diabetic kidney disease
diuretic_xipamide_type,Xipamide;Aquaphor,Sulfonamide diuretic with thiazide-like properties
diuretic_clopamide_type,Clopamide;Brinaldix,Thiazide-like sulfonamide diuretic
diuretic_quinethazone_type,Quinethazone;Hydromox,Quinazoline derivative thiazide-like diuretic
diuretic_benzthiazide_type,Benzthiazide;Exna,Benzothiadiazide class thiazide diuretic
diuretic_hydroflumethiazide_type,Hydroflumethiazide;Saluron,Thiazide diuretic used for hypertension and edema
diuretic_piretanide_type,Piretanide;Arelix,Potent loop diuretic of the sulfamoylbenzoic acid class
antiplatelet_ticlopidine_type,Ticlopidine;Ticlid,First-generation thienopyridine P2Y12 inhibitor antiplatelet agent
antiplatelet_dipyridamole_type,Dipyridamole;Persantine,Phosphodiesterase inhibitor and adenosine reuptake inhibitor
antiplatelet_triflusal_type,Triflusal;Disgren,Antiplatelet structurally related to aspirin but with different COX selectivity
antiplatelet_ditazole_type,Ditazole;Ageroplas,Non-steroidal anti-inflammatory drug used for its antiplatelet properties
antiplatelet_carbasalate_calcium_type,Carbasalate calcium;Iscover,Calcium salt of acetylsalicylic acid used as an antiplatelet
ace_inhibitor_ccb_diuretic_triple_fixed_dose,Perindopril/Amlodipine/Indapamide;Enalapril/Lercanidipine/Hydrochlorothiazide,Fixed-dose combinations of three antihypertensive classes including ACE inhibitor
arb_ccb_diuretic_triple_fixed_dose,Valsartan/Amlodipine/HCTZ;Olmesartan/Amlodipine/HCTZ;Telmisartan/Amlodipine/HCTZ,Fixed-dose triple combination therapies containing an ARB
beta_blocker_ccb_fixed_dose_combinations,Atenolol/Nifedipine;Bisoprolol/Amlodipine,Combination therapy pairing a beta blocker with a dihydropyridine CCB
statin_aspirin_fixed_dose_combinations,Atorvastatin/Aspirin;Simvastatin/Aspirin,Secondary cardiovascular prevention combination of a statin and low-dose aspirin
arb_statin_fixed_dose_regimens,Telmisartan/Atorvastatin;Valsartan/Simvastatin,Combination of an angiotensin receptor blocker and a HMG-CoA reductase inhibitor
ace_inhibitor_statin_fixed_dose_regimens,Enalapril/Atorvastatin;Perindopril/Atorvastatin;Amlodipine/Atorvastatin/Perindopril,Combinations involving an ACE inhibitor and a statin for risk reduction
ccb_diuretic_fixed_dose_regimens,Amlodipine/Hydrochlorothiazide;Lercanidipine/Hydrochlorothiazide,Fixed combination of a calcium channel blocker and a thiazide diuretic
mra_thiazide_diuretic_combinations,Spironolactone/Hydrochlorothiazide;Eplerenone/Hydrochlorothiazide,Potassium-sparing combinations of an MRA and a thiazide
statin_omega3_fatty_acid_combinations,Atorvastatin/Omega-3;Simvastatin/Omega-3;Pravastatin/Omega-3,Lipid-lowering combinations for mixed dyslipidemia
p2y12_inhibitor_aspirin_fixed_combinations,Clopidogrel/Aspirin;Prasugrel/Aspirin,Dual antiplatelet therapy in a single tablet format
dipyridamole_aspirin_fixed_combinations,Dipyridamole/Aspirin;Aggrenox,Fixed dose combination for stroke and TIA prevention
vasopressin_v2_receptor_antagonists,Tolvaptan;Conivaptan;Lixivaptan;Mozavaptan,Vaptans used for the treatment of hyponatremia and heart failure edema
statin_pcsk9_inhibitor_regimens,Atorvastatin/Evolocumab;Rosuvastatin/Alirocumab,Intensive lipid lowering using both oral statins and injectable PCSK9 monoclonal antibodies
loop_diuretic_thiazide_like_combinations,Furosemide/Metolazone;Bumetanide/Metolazone,Combination for sequential nephron blockade in resistant edema
statin_niacin_fixed_dose_combinations,Lovastatin/Niacin;Simvastatin/Niacin;Niaspan/Statin,Combinations of nicotinic acid and statins for HDL and LDL management
penicillins_nafcillin_type,"Penicillin, Penicillinase-Resistant;Nafcillin",Parenteral penicillinase-resistant penicillin for staphylococcal infections
penicillins_oxacillin_type,"Penicillin, Penicillinase-Resistant;Oxacillin",Parenteral penicillinase-resistant penicillin often used for MRSA-negative Staph
penicillins_dicloxacillin_type,"Penicillin, Penicillinase-Resistant;Dicloxacillin",Oral penicillinase-resistant penicillin for skin infections
penicillins_azlocillin_type,"Penicillin, Extended Spectrum;Azlocillin",Extended-spectrum ureidopenicillin with antipseudomonal activity
penicillins_mezlocillin_type,"Penicillin, Extended Spectrum;Mezlocillin",Broad-spectrum ureidopenicillin for serious gram-negative infections
penicillins_ticarcillin_clavulanate,"Penicillin, Extended Spectrum/Beta-lactamase Inhibitor;Ticarcillin/Clavulanate",Antipseudomonal penicillin combined with beta-lactamase inhibitor
penicillins_sultamicillin_oral,"Penicillin, Aminopenicillin/Beta-lactamase Inhibitor;Sultamicillin",Double ester prodrug of ampicillin and sulbactam for oral use
cephalosporins_cefalexin_oral,"Cephalosporin, First Generation;Cefalexin;Cephalexin",Common oral first-generation cephalosporin for mild infections
cephalosporins_cefadroxil_oral,"Cephalosporin, First Generation;Cefadroxil",Oral first-generation cephalosporin with longer half-life than cefalexin
cephalosporins_cefpodoxime_oral,"Cephalosporin, Third Generation;Cefpodoxime",Oral third-generation cephalosporin for respiratory tract infections
cephalosporins_ceftiam_type,"Cephalosporin, Second Generation;Ceftiam",Second-generation cephalosporin with improved gram-negative coverage
cephalosporins_cefoperazone_sulbactam,"Cephalosporin, Third Generation/Beta-lactamase Inhibitor;Cefoperazone/Sulbactam",Combination of antipseudomonal cephalosporin and sulbactam
cephalosporins_ceftolozane_tazobactam,"Cephalosporin, Fifth Generation/Beta-lactamase Inhibitor;Ceftolozane/Tazobactam",Novel combination for multi-drug resistant Pseudomonas
cephalosporins_cefazidime_avibactam,"Cephalosporin, Third Generation/Beta-lactamase Inhibitor;Ceftazidime/Avibactam",Ceftazidime combined with non-beta-lactam beta-lactamase inhibitor
cephalosporins_ceftaroline_fosamil,"Cephalosporin, Fifth Generation;Ceftaroline",Advanced cephalosporin with activity against MRSA
cephalosporins_cefbupirazone_type,"Cephalosporin, Second Generation;Cefbupirazone",Second-generation cephalosporin used in specific surgical prophylaxis
cephalosporins_cefmetszole_type,Cephamycin;Cefmetazole,Cephamycin antibiotic with anaerobic activity
cephalosporins_cefoxitin_parenteral,Cephamycin;Cefoxitin,Parenteral cephamycin useful for intra-abdominal infections
macrolides_josamycin_type,Macrolide;Josamycin,Natural 16-membered macrolide antibiotic
macrolides_midecamycin_type,Macrolide;Midecamycin,Macrolide used primarily for respiratory and skin infections
macrolides_dirithromycin_type,Macrolide;Dirithromycin,Prodrug macrolide for respiratory tract infections
macrolides_oleandomycin_type,Macrolide;Oleandomycin,Early generation macrolide derived from Streptomyces
macrolides_telithromycin_ketolide,Ketolide;Telithromycin,First ketolide for treatment of community-acquired pneumonia
fluoroquinolones_lomefloxacin_type,Fluoroquinolone;Lomefloxacin,Difluorinated quinolone for UTI prophylaxis and treatment
fluoroquinolones_pefloxacin_type,Fluoroquinolone;Pefloxacin,Fluoroquinolone with high tissue penetration
fluoroquinolones_sparfloxacin_type,Fluoroquinolone;Sparfloxacin,Respiratory fluoroquinolone with increased activity against gram-positives
fluoroquinolones_fleroxacin_type,Fluoroquinolone;Fleroxacin,Long-acting trifluorinated quinolone
fluoroquinolones_sitafloxacin_type,Fluoroquinolone;Sitafloxacin,Advanced quinolone for resistant respiratory and urinary infections
fluoroquinolones_tosufloxacin_type,Fluoroquinolone;Tosufloxacin,Quinolone used for a wide variety of systemic infections
fluoroquinolones_nadifloxacin_topical,"Fluoroquinolone, Topical;Nadifloxacin",Topical fluoroquinolone used for acne vulgaris
antifungals_anidulafungin_type,"Antifungal, Echinocandin;Anidulafungin",Parenteral echinocandin for candidemia and invasive candidiasis
antifungals_ketoconazole_systemic,"Antifungal, Imidazole;Ketoconazole",Oral systemic imidazole (limited use due to hepatotoxicity)
antifungals_fluconazole_systemic,"Antifungal, Triazole;Fluconazole",Systemic triazole for yeast infections and prophylaxis
antifungals_clotrimazole_topical,"Antifungal, Topical Imidazole;Clotrimazole",Common topical imidazole for dermatophytosis and candidiasis
antifungals_miconazole_topical,"Antifungal, Topical Imidazole;Miconazole",Topical imidazole for skin and mucosal fungal infections
antifungals_econazole_topical,"Antifungal, Topical Imidazole;Econazole",Topical antifungal for tinea pedis and tinea cruris
antifungals_sertaconazole_topical,"Antifungal, Topical Imidazole;Sertaconazole",Imidiazole antifungal used for topical treatment of athlete's foot
antifungals_amorolfine_nail_lacquer,"Antifungal, Topical;Amorolfine",Morpholine derivative used specifically for onychomycosis
antifungals_ciclopirox_topical,"Antifungal, Topical;Ciclopirox",Broad-spectrum topical antifungal with unique mechanism
antifungals_butenafine_topical,"Antifungal, Topical Allylamine;Butenafine",Benzylamine antifungal related to the allylamine class
antivirals_acyclovir_systemic,"Antiviral, Anti-herpetic;Acyclovir",Systemic nucleoside analog for HSV and VZV
antivirals_ganciclovir_parenteral,"Antiviral, Anti-CMV;Ganciclovir",Parenteral treatment for cytomegalovirus infections
antivirals_valganciclovir_oral,"Antiviral, Anti-CMV;Valganciclovir",Oral prodrug of ganciclovir for CMV treatment and prophylaxis
antivirals_cidofovir_parenteral,"Antiviral, Anti-CMV;Cidofovir",Nucleotide analog for CMV retinitis in AIDS patients
antivirals_zanamivir_inhalation,"Antiviral, Neuraminidase Inhibitor;Zanamivir",Inhaled neuraminidase inhibitor for influenza treatment
antivirals_peramivir_parenteral,"Antiviral, Neuraminidase Inhibitor;Peramivir",Parenteral neuraminidase inhibitor for acute influenza
antivirals_amantadine_influenza,"Antiviral, Adamantane;Amantadine",M2 ion channel inhibitor for influenza A (limited use)
antivirals_rimantadine_influenza,"Antiviral, Adamantane;Rimantadine",Derivative of amantadine for influenza A prophylaxis/treatment
antivirals_adefovir_dipivoxil_hbv,"Antiviral, Anti-HBV;Adefovir",Nucleotide analog for chronic hepatitis B
antivirals_telbivudine_hbv,"Antiviral, Anti-HBV;Telbivudine",L-nucleoside analog for chronic hepatitis B management
